SD_NM,SGG_NM,NO2__RR,NO2__RR_L,NO2__RR_U,NO2__ad,NO2__ad_L,NO2__ad_U,PM10__RR,PM10__RR_L,PM10__RR_U,PM10__ad,PM10__ad_L,PM10__ad_U,PM2_5__RR,PM2_5__RR_L,PM2_5__RR_U,PM2_5__ad,PM2_5__ad_L,PM2_5__ad_U,SGG_CD,SD_CD
서울특별시,종로구,0.989,0.955,1.023,0,0,96,0.999,0.984,1.014,0,0,86,1.007,0.992,1.022,29,0,85,11010,11
서울특별시,중구,0.995,0.962,1.03,0,0,116,1,0.984,1.015,0,0,76,1.007,0.991,1.022,24,0,71,11020,11
서울특별시,용산구,0.989,0.956,1.022,0,0,136,0.998,0.983,1.013,0,0,104,1.006,0.99,1.02,32,0,105,11030,11
서울특별시,성동구,0.993,0.96,1.026,0,0,193,1,0.985,1.015,0,0,140,1.007,0.991,1.022,45,0,133,11040,11
서울특별시,광진구,0.994,0.962,1.027,0,0,205,1,0.985,1.015,2,0,143,1.007,0.991,1.021,45,0,133,11050,11
서울특별시,동대문구,0.997,0.965,1.03,0,0,304,1.001,0.986,1.016,13,0,213,1.008,0.992,1.022,68,0,194,11060,11
서울특별시,중랑구,1.008,0.976,1.044,97,0,468,1.003,0.988,1.019,46,0,274,1.009,0.994,1.024,90,0,235,11070,11
서울특별시,성북구,0.99,0.957,1.023,0,0,253,1,0.985,1.015,4,0,231,1.008,0.993,1.022,83,0,226,11080,11
서울특별시,강북구,0.994,0.959,1.028,0,0,240,1,0.984,1.015,0,0,194,1.007,0.99,1.021,58,0,178,11090,11
서울특별시,도봉구,0.991,0.955,1.027,0,0,221,1,0.984,1.016,0,0,198,1.007,0.99,1.023,60,0,184,11100,11
서울특별시,노원구,1.001,0.97,1.033,11,0,449,1.002,0.987,1.016,34,0,312,1.008,0.992,1.022,100,0,276,11110,11
서울특별시,은평구,0.984,0.947,1.021,0,0,218,0.997,0.98,1.013,0,0,221,1.007,0.99,1.022,75,0,238,11120,11
서울특별시,서대문구,0.988,0.952,1.024,0,0,188,0.998,0.981,1.014,0,0,154,1.007,0.99,1.023,49,0,157,11130,11
서울특별시,마포구,0.985,0.952,1.017,0,0,153,0.998,0.983,1.012,0,0,147,1.006,0.99,1.02,49,0,156,11140,11
서울특별시,양천구,0.985,0.949,1.019,0,0,197,0.998,0.981,1.014,0,0,195,1.007,0.99,1.022,64,0,205,11150,11
서울특별시,강서구,0.999,0.968,1.032,0,0,422,1.001,0.986,1.015,13,0,287,1.008,0.993,1.022,100,0,275,11160,11
서울특별시,구로구,0.983,0.949,1.015,0,0,142,0.999,0.984,1.013,0,0,166,1.007,0.991,1.021,57,0,172,11170,11
서울특별시,금천구,0.992,0.957,1.027,0,0,174,0.999,0.983,1.015,0,0,124,1.007,0.989,1.022,37,0,120,11180,11
서울특별시,영등포구,0.99,0.958,1.022,0,0,212,0.998,0.983,1.012,0,0,156,1.006,0.99,1.02,49,0,163,11190,11
서울특별시,동작구,0.986,0.951,1.02,0,0,194,0.997,0.98,1.013,0,0,150,1.005,0.987,1.02,40,0,161,11200,11
서울특별시,관악구,0.986,0.955,1.018,0,0,216,0.998,0.983,1.012,0,0,181,1.006,0.99,1.02,59,0,198,11210,11
서울특별시,서초구,0.987,0.954,1.02,0,0,180,0.997,0.982,1.012,0,0,131,1.005,0.988,1.02,38,0,140,11220,11
서울특별시,강남구,0.986,0.953,1.018,0,0,197,0.999,0.984,1.014,0,0,176,1.006,0.99,1.021,56,0,176,11230,11
서울특별시,송파구,0.988,0.954,1.022,0,0,261,0.999,0.983,1.014,0,0,221,1.006,0.989,1.021,64,0,215,11240,11
서울특별시,강동구,1.004,0.97,1.039,37,0,374,1.002,0.987,1.017,27,0,229,1.007,0.991,1.022,69,0,199,11250,11
경기도,수원시 장안구,0.996,0.961,1.03,0,0,217,1.001,0.984,1.016,6,0,162,1.008,0.991,1.023,55,0,159,31011,31
경기도,수원시 권선구,1.002,0.969,1.037,16,0,254,1.001,0.986,1.017,15,0,171,1.008,0.993,1.023,63,0,169,31012,31
경기도,수원시 팔달구,0.999,0.962,1.037,0,0,216,1.001,0.984,1.019,12,0,157,1.009,0.991,1.026,54,0,153,31013,31
경기도,수원시 영통구,1.004,0.97,1.04,17,0,162,1.001,0.985,1.017,7,0,98,1.008,0.992,1.023,36,0,97,31014,31
경기도,성남시 수정구,1.002,0.971,1.036,17,0,247,1,0.986,1.014,3,0,123,1.007,0.992,1.021,42,0,118,31021,31
경기도,성남시 중원구,1.004,0.97,1.04,33,0,286,1.002,0.986,1.018,17,0,159,1.008,0.992,1.023,50,0,140,31022,31
경기도,성남시 분당구,0.985,0.95,1.019,0,0,172,0.999,0.983,1.014,0,0,163,1.006,0.99,1.021,53,0,166,31023,31
경기도,의정부시,0.995,0.961,1.029,0,0,253,1.001,0.986,1.017,19,0,238,1.007,0.991,1.022,73,0,213,31030,31
경기도,안양시 만안구,0.996,0.964,1.029,0,0,195,1,0.985,1.015,2,0,127,1.007,0.992,1.022,43,0,120,31041,31
경기도,안양시 동안구,0.994,0.96,1.029,0,0,201,0.999,0.983,1.015,0,0,130,1.007,0.99,1.022,41,0,125,31042,31
경기도,부천시 원미구,1,0.965,1.036,0,0,317,1.002,0.986,1.018,25,0,228,1.009,0.993,1.026,79,0,210,31051,31
경기도,부천시 소사구,0.998,0.965,1.032,0,0,176,1.001,0.986,1.017,11,0,125,1.009,0.993,1.024,44,0,117,31052,31
경기도,부천시 오정구,1.002,0.969,1.039,11,0,164,1.002,0.986,1.017,11,0,107,1.009,0.994,1.024,39,0,102,31053,31
경기도,광명시,0.991,0.957,1.026,0,0,188,1,0.984,1.016,1,0,156,1.007,0.991,1.022,50,0,148,31060,31
경기도,평택시,1.012,0.978,1.047,68,0,266,1.006,0.992,1.02,84,0,284,1.011,0.997,1.025,135,0,295,31070,31
경기도,동두천시,0.998,0.957,1.041,0,0,85,1.002,0.985,1.019,12,0,108,1.008,0.99,1.024,33,0,101,31080,31
경기도,안산시 상록구,1.001,0.969,1.035,9,0,241,1.002,0.987,1.016,18,0,166,1.009,0.994,1.023,61,0,157,31091,31
경기도,안산시 단원구,1.005,0.967,1.046,26,0,203,1.004,0.987,1.021,34,0,181,1.01,0.993,1.027,64,0,166,31092,31
경기도,고양시 덕양구,0.999,0.967,1.033,0,0,258,1,0.986,1.014,5,0,205,1.007,0.993,1.021,73,0,197,31101,31
경기도,고양시 일산동구,1.001,0.963,1.041,6,0,185,1.002,0.985,1.018,14,0,160,1.008,0.991,1.024,51,0,146,31103,31
경기도,고양시 일산서구,0.996,0.955,1.038,0,0,165,1,0.983,1.018,4,0,161,1.007,0.989,1.024,47,0,151,31104,31
경기도,과천시,0.986,0.95,1.021,0,0,35,0.998,0.982,1.014,0,0,26,1.006,0.989,1.021,8,0,27,31110,31
경기도,구리시,1.001,0.967,1.037,5,0,134,1.002,0.987,1.018,12,0,92,1.007,0.991,1.022,26,0,77,31120,31
경기도,남양주시,0.997,0.966,1.029,0,0,307,1.002,0.988,1.015,33,0,279,1.008,0.993,1.02,98,0,258,31130,31
경기도,오산시,1.002,0.959,1.045,5,0,116,1.004,0.985,1.023,20,0,111,1.011,0.992,1.029,42,0,112,31140,31
경기도,시흥시,1.003,0.97,1.038,19,0,253,1.002,0.987,1.018,23,0,171,1.009,0.994,1.024,62,0,158,31150,31
경기도,군포시,0.991,0.956,1.027,0,0,153,1,0.983,1.016,0,0,117,1.007,0.989,1.022,34,0,108,31160,31
경기도,의왕시,0.994,0.961,1.026,0,0,88,1,0.985,1.014,0,0,61,1.007,0.992,1.021,22,0,61,31170,31
경기도,하남시,1,0.966,1.035,0,0,117,1.001,0.986,1.016,6,0,76,1.007,0.992,1.021,25,0,70,31180,31
경기도,용인시 처인구,1.008,0.975,1.044,38,0,195,1.004,0.989,1.018,34,0,165,1.01,0.996,1.023,76,0,175,31191,31
경기도,용인시 기흥구,0.987,0.949,1.023,0,0,136,1,0.983,1.016,0,0,144,1.008,0.99,1.023,53,0,154,31192,31
경기도,용인시 수지구,0.97,0.93,1.008,0,0,44,0.998,0.982,1.013,0,0,86,1.006,0.989,1.02,30,0,96,31193,31
경기도,파주시,0.997,0.961,1.033,0,0,211,1.001,0.986,1.016,21,0,263,1.008,0.993,1.023,102,0,277,31200,31
경기도,이천시,1.001,0.965,1.036,2,0,128,1.004,0.989,1.018,36,0,176,1.01,0.995,1.024,80,0,189,31210,31
경기도,안성시,1.009,0.974,1.045,32,0,157,1.006,0.991,1.02,57,0,196,1.011,0.997,1.025,94,0,207,31220,31
경기도,김포시,0.994,0.958,1.029,0,0,123,1.001,0.986,1.016,8,0,151,1.008,0.993,1.022,58,0,159,31230,31
경기도,화성시,0.993,0.959,1.026,0,0,194,1.002,0.987,1.016,25,0,247,1.009,0.994,1.022,109,0,271,31240,31
경기도,광주시,1.002,0.971,1.035,14,0,191,1.002,0.989,1.016,21,0,141,1.009,0.995,1.021,57,0,139,31250,31
경기도,양주시,1.003,0.969,1.039,10,0,145,1.002,0.987,1.016,13,0,133,1.008,0.992,1.021,44,0,121,31260,31
경기도,포천시,0.999,0.963,1.035,0,0,98,1.002,0.987,1.016,18,0,152,1.007,0.992,1.021,57,0,158,31270,31
경기도,여주군,1.001,0.966,1.037,3,0,89,1.004,0.99,1.019,33,0,136,1.01,0.996,1.024,64,0,146,31320,31
경기도,연천군,0.999,0.959,1.04,0,0,28,1.002,0.986,1.018,6,0,56,1.008,0.991,1.023,21,0,60,31350,31
경기도,가평군,0.996,0.959,1.033,0,0,44,1.002,0.987,1.017,9,0,67,1.008,0.992,1.022,25,0,68,31370,31
경기도,양평군,1.005,0.971,1.041,13,0,105,1.004,0.99,1.018,25,0,115,1.009,0.995,1.023,48,0,115,31380,31
부산광역시,중구,0.994,0.945,1.042,0,0,55,1.005,0.984,1.025,13,0,68,1.012,0.992,1.032,27,0,69,21010,21
부산광역시,서구,0.998,0.956,1.04,0,0,145,1.005,0.987,1.023,41,0,170,1.012,0.995,1.03,74,0,173,21020,21
부산광역시,동구,1.002,0.957,1.047,5,0,139,1.006,0.987,1.025,40,0,156,1.013,0.995,1.032,68,0,160,21030,21
부산광역시,영도구,0.991,0.945,1.036,0,0,160,1.005,0.985,1.024,42,0,206,1.012,0.993,1.032,82,0,205,21040,21
부산광역시,부산진구,1.001,0.961,1.041,9,0,329,1.006,0.989,1.022,100,0,382,1.012,0.996,1.029,181,0,408,21050,21
부산광역시,동래구,0.996,0.954,1.037,0,0,171,1.005,0.988,1.022,51,0,213,1.012,0.995,1.029,99,0,229,21060,21
부산광역시,남구,0.991,0.951,1.031,0,0,210,1.004,0.986,1.022,56,0,275,1.012,0.994,1.029,114,0,272,21070,21
부산광역시,북구,1.001,0.962,1.039,3,0,194,1.006,0.99,1.022,69,0,238,1.013,0.997,1.028,119,0,258,21080,21
부산광역시,해운대구,0.995,0.952,1.036,0,0,244,1.005,0.987,1.022,66,0,299,1.011,0.994,1.028,129,0,310,21090,21
부산광역시,사하구,1.001,0.957,1.045,6,0,319,1.006,0.987,1.024,92,0,376,1.012,0.994,1.031,157,0,374,21100,21
부산광역시,금정구,0.997,0.955,1.038,0,0,182,1.006,0.988,1.022,60,0,234,1.012,0.995,1.028,108,0,249,21110,21
부산광역시,강서구,1.004,0.963,1.044,5,0,62,1.007,0.991,1.024,28,0,87,1.014,0.998,1.03,42,0,90,21120,21
부산광역시,연제구,0.995,0.951,1.039,0,0,148,1.005,0.986,1.023,38,0,179,1.012,0.993,1.03,77,0,190,21130,21
부산광역시,수영구,0.993,0.947,1.037,0,0,131,1.004,0.985,1.023,31,0,158,1.011,0.993,1.029,65,0,162,21140,21
부산광역시,사상구,1.008,0.967,1.05,36,0,223,1.007,0.989,1.024,69,0,241,1.013,0.996,1.03,112,0,251,21150,21
부산광역시,기장군,1.002,0.96,1.045,5,0,105,1.006,0.989,1.023,32,0,119,1.012,0.995,1.029,53,0,122,21310,21
대구광역시,중구,1.011,0.974,1.049,23,0,95,1.009,0.994,1.026,36,0,96,1.014,0.999,1.031,48,0,100,22010,22
대구광역시,동구,1.011,0.976,1.045,68,0,277,1.009,0.994,1.024,124,0,327,1.014,1,1.029,172,0,347,22020,22
대구광역시,서구,1.017,0.979,1.057,72,0,233,1.01,0.994,1.028,97,0,250,1.015,0.999,1.033,123,0,256,22030,22
대구광역시,남구,1.006,0.967,1.044,25,0,179,1.009,0.992,1.026,70,0,195,1.014,0.998,1.031,94,0,200,22040,22
대구광역시,북구,1.012,0.976,1.049,78,0,302,1.009,0.994,1.025,131,0,346,1.014,0.999,1.03,175,0,360,22050,22
대구광역시,수성구,1.005,0.969,1.041,42,0,303,1.009,0.993,1.025,126,0,342,1.014,0.999,1.03,171,0,355,22060,22
대구광역시,달서구,1.016,0.981,1.054,138,0,432,1.009,0.994,1.026,166,0,439,1.014,0.999,1.031,221,0,455,22070,22
대구광역시,달성군,1.019,0.986,1.055,66,0,181,1.01,0.996,1.025,73,0,171,1.015,1.002,1.03,93,13,179,22310,22
인천광역시,중구,0.994,0.951,1.036,0,0,73,0.998,0.98,1.016,0,0,66,1.007,0.988,1.024,20,0,70,23010,23
인천광역시,동구,0.991,0.949,1.033,0,0,88,0.998,0.979,1.017,0,0,68,1.007,0.987,1.025,19,0,68,23020,23
인천광역시,남구,0.995,0.96,1.031,0,0,371,1,0.983,1.016,0,0,284,1.008,0.991,1.024,97,0,287,23030,23
인천광역시,연수구,0.998,0.958,1.039,0,0,219,0.999,0.98,1.017,0,0,152,1.007,0.988,1.025,45,0,150,23040,23
인천광역시,남동구,0.998,0.964,1.033,0,0,388,1,0.984,1.016,5,0,273,1.009,0.992,1.024,98,0,269,23050,23
인천광역시,부평구,0.997,0.964,1.03,0,0,409,1,0.985,1.015,6,0,303,1.008,0.993,1.023,112,0,302,23060,23
인천광역시,계양구,1.007,0.972,1.045,46,0,278,1.002,0.986,1.018,19,0,171,1.009,0.993,1.024,59,0,160,23070,23
인천광역시,서구,1.003,0.967,1.042,26,0,315,1.001,0.985,1.017,9,0,220,1.008,0.992,1.023,75,0,214,23080,23
인천광역시,강화군,0.997,0.941,1.056,0,0,77,1.003,0.98,1.026,15,0,132,1.009,0.987,1.032,39,0,128,23310,23
인천광역시,옹진군,1.001,0.941,1.065,0,0,13,1.003,0.978,1.028,3,0,29,1.01,0.985,1.035,8,0,26,23320,23
광주광역시,동구,1.028,0.986,1.074,58,0,145,1.013,0.996,1.032,60,0,139,1.018,1.001,1.037,68,4,137,24010,24
광주광역시,서구,1.034,0.992,1.08,140,0,310,1.015,0.997,1.034,126,0,278,1.019,1.002,1.039,135,15,270,24020,24
광주광역시,남구,1.032,0.992,1.076,128,0,286,1.014,0.997,1.033,112,0,245,1.019,1.002,1.038,121,16,237,24030,24
광주광역시,북구,1.036,0.997,1.081,186,0,393,1.014,0.998,1.032,196,0,420,1.018,1.003,1.037,215,34,416,24040,24
광주광역시,광산구,1.035,0.995,1.08,135,0,290,1.015,0.999,1.033,155,0,325,1.019,1.003,1.038,163,29,312,24050,24
대전광역시,동구,1.014,0.979,1.05,72,0,247,1.009,0.994,1.024,90,0,236,1.014,1,1.029,119,0,244,25010,25
대전광역시,중구,1.011,0.974,1.049,61,0,256,1.009,0.993,1.025,85,0,238,1.013,0.998,1.03,113,0,244,25020,25
대전광역시,서구,1.01,0.975,1.045,69,0,295,1.007,0.991,1.022,79,0,253,1.012,0.997,1.026,121,0,265,25030,25
대전광역시,유성구,1.014,0.978,1.051,44,0,157,1.007,0.992,1.023,49,0,144,1.012,0.998,1.027,69,0,149,25040,25
대전광역시,대덕구,1.012,0.975,1.05,38,0,152,1.007,0.992,1.023,50,0,152,1.012,0.997,1.027,73,0,159,25050,25
울산광역시,중구,1.003,0.958,1.049,13,0,178,1.007,0.988,1.026,55,0,199,1.012,0.993,1.031,83,0,203,26010,26
울산광역시,남구,1.005,0.961,1.048,26,0,246,1.008,0.989,1.027,74,0,242,1.013,0.995,1.031,104,0,243,26020,26
울산광역시,동구,1.015,0.966,1.068,41,0,171,1.01,0.989,1.032,50,0,156,1.014,0.994,1.036,62,0,148,26030,26
울산광역시,북구,1.017,0.975,1.062,39,0,134,1.009,0.992,1.028,46,0,129,1.014,0.998,1.033,59,0,128,26040,26
울산광역시,울주군,1.007,0.97,1.045,30,0,171,1.008,0.992,1.023,63,0,183,1.013,0.998,1.029,92,0,192,26310,26
세종특별자치시,세종특별자치시,1.019,0.981,1.06,48,0,144,1.008,0.993,1.025,51,0,147,1.013,0.998,1.029,69,0,150,29010,29
강원도,춘천시,0.997,0.958,1.036,0,0,135,1.002,0.986,1.019,31,0,224,1.008,0.991,1.023,84,0,240,32010,32
강원도,원주시,1.007,0.973,1.044,38,0,216,1.005,0.991,1.02,81,0,295,1.011,0.997,1.025,136,0,302,32020,32
강원도,강릉시,1.001,0.96,1.043,4,0,118,1.004,0.987,1.02,31,0,160,1.009,0.993,1.025,63,0,162,32030,32
강원도,동해시,1.012,0.968,1.06,24,0,110,1.006,0.988,1.025,29,0,112,1.011,0.993,1.03,39,0,98,32040,32
강원도,태백시,1.013,0.971,1.058,6,0,29,1.007,0.99,1.024,11,0,39,1.012,0.996,1.029,16,0,39,32050,32
강원도,속초시,1.002,0.951,1.054,1,0,28,1.004,0.984,1.024,10,0,64,1.009,0.989,1.028,21,0,64,32060,32
강원도,삼척시,1.01,0.968,1.053,11,0,57,1.007,0.99,1.024,21,0,74,1.012,0.996,1.028,30,0,70,32070,32
강원도,홍천군,1.005,0.968,1.043,6,0,52,1.004,0.989,1.019,16,0,75,1.009,0.994,1.023,32,0,79,32310,32
강원도,횡성군,1.003,0.964,1.042,3,0,41,1.004,0.988,1.019,13,0,61,1.009,0.994,1.024,26,0,65,32320,32
강원도,영월군,1.008,0.973,1.046,9,0,45,1.006,0.992,1.02,17,0,57,1.011,0.997,1.025,26,0,57,32330,32
강원도,평창군,1.003,0.962,1.044,2,0,23,1.004,0.988,1.02,8,0,37,1.01,0.993,1.025,15,0,39,32340,32
강원도,정선군,1.009,0.969,1.051,5,0,27,1.006,0.99,1.022,10,0,37,1.011,0.995,1.027,16,0,38,32350,32
강원도,철원군,0.996,0.951,1.041,0,0,16,1.001,0.983,1.018,2,0,45,1.007,0.988,1.023,14,0,49,32360,32
강원도,화천군,0.997,0.956,1.039,0,0,9,1.001,0.985,1.018,2,0,20,1.007,0.99,1.022,7,0,23,32370,32
강원도,양구군,0.999,0.952,1.046,0,0,7,1.002,0.984,1.021,3,0,23,1.008,0.989,1.025,8,0,24,32380,32
강원도,인제군,1.002,0.958,1.046,1,0,13,1.004,0.986,1.021,5,0,28,1.009,0.991,1.025,11,0,29,32390,32
강원도,고성군,1.001,0.946,1.057,0,0,11,1.003,0.981,1.025,5,0,36,1.009,0.986,1.03,11,0,36,32400,32
강원도,양양군,0.999,0.954,1.045,0,0,16,1.003,0.985,1.021,4,0,26,1.009,0.99,1.026,9,0,27,32410,32
충청북도,청주시 상당구,1.011,0.967,1.056,48,0,233,1.008,0.989,1.027,80,0,262,1.013,0.994,1.032,110,0,263,33011,33
충청북도,청주시 흥덕구,1.005,0.963,1.048,34,0,294,1.007,0.989,1.027,99,0,335,1.012,0.994,1.031,135,0,330,33012,33
충청북도,충주시,1.01,0.976,1.045,50,0,219,1.006,0.992,1.021,78,0,257,1.011,0.998,1.026,127,0,273,33020,33
충청북도,제천시,1.011,0.974,1.049,34,0,150,1.007,0.992,1.022,56,0,175,1.012,0.997,1.027,82,0,180,33030,33
충청북도,청원군,1.013,0.98,1.047,48,0,168,1.008,0.994,1.022,69,0,183,1.013,1,1.026,95,0,190,33310,33
충청북도,보은군,1.016,0.979,1.055,18,0,61,1.008,0.994,1.024,28,0,76,1.013,0.999,1.029,38,0,79,33320,33
충청북도,옥천군,1.021,0.984,1.061,34,0,96,1.009,0.994,1.025,37,0,97,1.014,1,1.03,49,0,101,33330,33
충청북도,영동군,1.023,0.986,1.065,30,0,80,1.01,0.995,1.025,37,0,94,1.014,1,1.03,48,0,98,33340,33
충청북도,진천군,1.012,0.976,1.049,18,0,73,1.006,0.992,1.021,27,0,86,1.012,0.997,1.026,41,0,89,33350,33
충청북도,괴산군,1.012,0.977,1.05,13,0,50,1.007,0.993,1.022,27,0,78,1.012,0.999,1.026,39,0,81,33360,33
충청북도,음성군,1.012,0.978,1.05,28,0,107,1.006,0.992,1.021,43,0,138,1.012,0.998,1.026,69,0,146,33370,33
충청북도,단양군,1.01,0.971,1.05,9,0,45,1.007,0.991,1.022,17,0,55,1.012,0.997,1.027,26,0,57,33380,33
충청북도,증평군,1.01,0.971,1.051,6,0,30,1.007,0.991,1.023,12,0,39,1.012,0.996,1.027,18,0,41,33390,33
충청남도,천안시 동남구,1.012,0.977,1.049,52,0,198,1.007,0.992,1.022,70,0,211,1.012,0.998,1.026,102,0,218,34011,34
충청남도,천안시 서북구,1.008,0.971,1.045,28,0,159,1.005,0.99,1.021,46,0,172,1.011,0.996,1.025,79,0,182,34012,34
충청남도,공주시,1.015,0.98,1.052,33,0,110,1.006,0.992,1.021,45,0,142,1.011,0.997,1.025,71,0,151,34020,34
충청남도,보령시,1.012,0.97,1.056,21,0,93,1.005,0.987,1.022,27,0,121,1.01,0.992,1.026,47,0,120,34030,34
충청남도,아산시,1.015,0.98,1.054,70,0,234,1.006,0.991,1.021,68,0,228,1.011,0.996,1.026,105,0,234,34040,34
충청남도,서산시,1.002,0.957,1.047,6,0,108,1.003,0.984,1.021,17,0,123,1.008,0.989,1.026,42,0,123,34050,34
충청남도,논산시,1.014,0.978,1.05,44,0,152,1.007,0.992,1.021,55,0,171,1.011,0.997,1.025,85,0,181,34060,34
충청남도,계룡시,1.012,0.972,1.053,6,0,24,1.007,0.99,1.023,7,0,23,1.012,0.995,1.027,10,0,24,34070,34
충청남도,당진시,1.005,0.964,1.046,14,0,129,1.004,0.987,1.021,30,0,147,1.01,0.992,1.025,59,0,150,34080,34
충청남도,금산군,1.019,0.985,1.056,31,0,86,1.009,0.995,1.023,34,0,88,1.013,1,1.027,47,2,93,34310,34
충청남도,부여군,1.015,0.977,1.055,26,0,91,1.005,0.989,1.021,32,0,121,1.01,0.995,1.025,55,0,129,34330,34
충청남도,서천군,1.014,0.972,1.057,20,0,80,1.005,0.988,1.022,24,0,101,1.01,0.993,1.026,41,0,102,34340,34
충청남도,청양군,1.012,0.971,1.055,8,0,36,1.005,0.988,1.021,13,0,55,1.01,0.993,1.026,24,0,59,34350,34
충청남도,홍성군,1.013,0.97,1.058,23,0,99,1.005,0.987,1.022,27,0,123,1.01,0.992,1.026,48,0,124,34360,34
충청남도,예산군,1.013,0.974,1.054,28,0,110,1.005,0.989,1.021,33,0,127,1.01,0.995,1.026,56,0,132,34370,34
충청남도,태안군,0.999,0.935,1.062,0,0,55,1,0.974,1.025,0,0,84,1.006,0.979,1.03,16,0,77,34380,34
전라북도,전주시 완산구,1.019,0.978,1.062,104,0,321,1.007,0.99,1.024,99,0,331,1.012,0.995,1.028,146,0,339,35011,35
전라북도,전주시 덕진구,1.016,0.977,1.057,72,0,238,1.006,0.989,1.022,66,0,243,1.011,0.994,1.026,106,0,252,35012,35
전라북도,군산시,1.018,0.978,1.061,73,0,234,1.007,0.99,1.023,86,0,287,1.011,0.995,1.027,119,0,275,35020,35
전라북도,익산시,1.013,0.977,1.051,71,0,256,1.005,0.99,1.019,81,0,313,1.01,0.994,1.024,144,0,334,35030,35
전라북도,정읍시,1.025,0.988,1.065,55,0,138,1.01,0.996,1.026,92,0,218,1.015,1.001,1.03,112,7,220,35040,35
전라북도,남원시,1.022,0.985,1.062,29,0,77,1.011,0.996,1.026,57,0,133,1.016,1.002,1.031,73,9,141,35050,35
전라북도,김제시,1.019,0.982,1.058,52,0,150,1.007,0.992,1.022,61,0,179,1.012,0.997,1.026,84,0,181,35060,35
전라북도,완주군,1.023,0.988,1.06,49,0,125,1.008,0.994,1.022,48,0,129,1.013,0.999,1.026,68,0,137,35310,35
전라북도,진안군,1.019,0.981,1.06,13,0,40,1.009,0.993,1.024,19,0,51,1.013,0.999,1.029,26,0,54,35320,35
전라북도,무주군,1.017,0.98,1.056,8,0,24,1.009,0.994,1.024,13,0,36,1.013,1,1.028,19,0,38,35330,35
전라북도,장수군,1.02,0.982,1.06,8,0,23,1.009,0.994,1.025,15,0,38,1.014,1,1.029,20,0,41,35340,35
전라북도,임실군,1.022,0.985,1.063,14,0,38,1.009,0.995,1.025,25,0,62,1.014,1,1.029,33,0,66,35350,35
전라북도,순창군,1.025,0.986,1.067,15,0,39,1.011,0.996,1.027,29,0,68,1.016,1.002,1.032,36,4,71,35360,35
전라북도,고창군,1.022,0.98,1.068,23,0,68,1.01,0.993,1.028,51,0,132,1.015,0.999,1.032,62,0,130,35370,35
전라북도,부안군,1.022,0.981,1.067,25,0,72,1.009,0.993,1.026,43,0,119,1.014,0.997,1.03,53,0,114,35380,35
전라남도,목포시,1.037,0.989,1.092,124,0,285,1.015,0.995,1.037,144,0,332,1.02,1.001,1.043,130,5,272,36010,36
전라남도,여수시,1.028,0.983,1.077,176,0,456,1.014,0.995,1.034,167,0,394,1.018,1.001,1.04,164,5,343,36020,36
전라남도,순천시,1.03,0.99,1.075,88,0,210,1.014,0.998,1.031,127,0,279,1.018,1.003,1.037,145,23,282,36030,36
전라남도,나주시,1.03,0.989,1.073,78,0,182,1.015,0.998,1.033,94,0,203,1.019,1.003,1.038,101,16,196,36040,36
전라남도,광양시,1.031,0.988,1.079,50,0,122,1.014,0.997,1.033,65,0,145,1.018,1.002,1.038,72,9,144,36060,36
전라남도,담양군,1.025,0.985,1.068,25,0,66,1.012,0.996,1.028,37,0,87,1.016,1.001,1.033,45,3,89,36310,36
전라남도,곡성군,1.026,0.986,1.068,15,0,39,1.012,0.997,1.029,30,0,68,1.017,1.002,1.034,37,5,71,36320,36
전라남도,구례군,1.028,0.988,1.074,14,0,35,1.013,0.997,1.03,25,0,57,1.017,1.002,1.035,30,4,59,36330,36
전라남도,고흥군,1.026,0.975,1.082,39,0,116,1.015,0.994,1.037,79,0,194,1.019,0.999,1.042,77,0,168,36350,36
전라남도,보성군,1.029,0.985,1.077,28,0,73,1.014,0.996,1.033,43,0,100,1.018,1.001,1.038,48,4,97,36360,36
전라남도,화순군,1.027,0.988,1.067,36,0,86,1.014,0.998,1.03,47,0,100,1.018,1.003,1.035,53,10,101,36370,36
전라남도,장흥군,1.037,0.993,1.089,27,0,61,1.015,0.997,1.035,40,0,89,1.019,1.002,1.04,42,5,86,36380,36
전라남도,강진군,1.038,0.989,1.094,26,0,61,1.015,0.995,1.036,41,0,98,1.019,1.001,1.042,44,1,93,36390,36
전라남도,해남군,1.042,0.99,1.101,57,0,131,1.015,0.994,1.037,73,0,178,1.02,1,1.043,73,0,156,36400,36
전라남도,영암군,1.032,0.989,1.078,32,0,76,1.014,0.997,1.033,47,0,103,1.019,1.002,1.039,50,7,98,36410,36
전라남도,무안군,1.039,0.994,1.09,52,0,115,1.015,0.997,1.035,68,0,151,1.02,1.002,1.041,67,8,135,36420,36
전라남도,함평군,1.031,0.989,1.077,30,0,71,1.014,0.997,1.032,44,0,97,1.018,1.002,1.037,47,6,94,36430,36
전라남도,영광군,1.025,0.979,1.075,20,0,56,1.012,0.994,1.031,43,0,109,1.016,0.999,1.036,48,0,103,36440,36
전라남도,장성군,1.028,0.99,1.07,31,0,73,1.013,0.997,1.029,47,0,104,1.017,1.002,1.034,55,8,105,36450,36
전라남도,완도군,1.042,0.985,1.11,20,0,50,1.015,0.992,1.04,45,0,115,1.02,0.998,1.046,40,0,90,36460,36
전라남도,진도군,1.039,0.972,1.117,11,0,31,1.013,0.986,1.041,22,0,69,1.018,0.993,1.048,22,0,55,36470,36
전라남도,신안군,1.035,0.981,1.097,17,0,44,1.014,0.992,1.038,36,0,93,1.019,0.998,1.044,31,0,70,36480,36
경상북도,포항시 남구,1.016,0.969,1.067,67,0,262,1.009,0.99,1.029,95,0,290,1.014,0.996,1.034,122,0,280,37011,37
경상북도,포항시 북구,1.014,0.973,1.056,29,0,117,1.009,0.993,1.025,81,0,225,1.014,0.999,1.03,110,0,233,37012,37
경상북도,경주시,1.01,0.971,1.049,56,0,271,1.008,0.993,1.024,128,0,353,1.014,0.999,1.03,178,0,370,37020,37
경상북도,김천시,1.021,0.986,1.06,54,0,145,1.009,0.996,1.024,81,0,200,1.014,1.001,1.029,108,8,211,37030,37
경상북도,안동시,1.017,0.98,1.057,50,0,163,1.008,0.993,1.024,79,0,221,1.013,0.999,1.028,112,0,234,37040,37
경상북도,구미시,1.016,0.979,1.054,45,0,152,1.008,0.994,1.023,77,0,209,1.013,0.999,1.028,106,0,219,37050,37
경상북도,영주시,1.012,0.974,1.053,27,0,112,1.007,0.992,1.023,53,0,169,1.012,0.997,1.027,82,0,179,37060,37
경상북도,영천시,1.01,0.974,1.048,22,0,97,1.008,0.994,1.023,60,0,162,1.013,1,1.028,86,0,174,37070,37
경상북도,상주시,1.015,0.981,1.051,33,0,108,1.008,0.995,1.022,65,0,169,1.013,1,1.026,91,2,180,37080,37
경상북도,문경시,1.011,0.975,1.05,16,0,68,1.007,0.993,1.022,38,0,112,1.012,0.998,1.027,55,0,117,37090,37
경상북도,경산시,1.014,0.979,1.051,72,0,242,1.009,0.994,1.025,95,0,248,1.014,1,1.03,127,0,259,37100,37
경상북도,군위군,1.011,0.973,1.049,8,0,35,1.007,0.993,1.022,20,0,58,1.013,0.998,1.027,30,0,63,37310,37
경상북도,의성군,1.014,0.977,1.052,20,0,75,1.008,0.993,1.023,48,0,134,1.013,0.999,1.028,69,0,143,37320,37
경상북도,청송군,1.01,0.972,1.049,4,0,19,1.007,0.993,1.023,14,0,42,1.013,0.998,1.027,21,0,44,37330,37
경상북도,영양군,1.011,0.971,1.054,4,0,16,1.007,0.991,1.024,9,0,29,1.013,0.997,1.029,14,0,30,37340,37
경상북도,영덕군,1.013,0.97,1.058,6,0,28,1.008,0.991,1.025,22,0,69,1.013,0.997,1.03,31,0,69,37350,37
경상북도,청도군,1.007,0.971,1.043,12,0,73,1.008,0.994,1.023,33,0,88,1.014,1,1.028,47,0,94,37360,37
경상북도,고령군,1.014,0.976,1.054,14,0,49,1.009,0.994,1.026,24,0,62,1.015,1,1.031,32,0,66,37370,37
경상북도,성주군,1.018,0.981,1.056,23,0,71,1.01,0.995,1.025,39,0,95,1.015,1.001,1.03,51,4,100,37380,37
경상북도,칠곡군,1.018,0.983,1.055,39,0,115,1.009,0.995,1.024,52,0,129,1.014,1.001,1.029,66,3,130,37390,37
경상북도,예천군,1.011,0.974,1.05,13,0,57,1.007,0.992,1.022,31,0,94,1.012,0.998,1.027,47,0,100,37400,37
경상북도,봉화군,1.012,0.974,1.052,8,0,34,1.007,0.992,1.023,17,0,54,1.012,0.998,1.027,26,0,57,37410,37
경상북도,울진군,1.015,0.973,1.061,10,0,41,1.009,0.992,1.027,25,0,73,1.013,0.997,1.031,32,0,73,37420,37
경상북도,울릉군,1.008,0.963,1.055,0,0,0,1.005,0.987,1.023,1,0,3,1.011,0.993,1.029,1,0,2,37430,37
경상남도,진주시,1.021,0.984,1.061,110,0,305,1.011,0.996,1.027,149,0,354,1.016,1.002,1.032,193,24,375,38030,38
경상남도,통영시,1.023,0.971,1.081,33,0,111,1.012,0.992,1.035,69,0,186,1.018,0.998,1.041,75,0,167,38050,38
경상남도,사천시,1.027,0.985,1.075,63,0,163,1.012,0.995,1.03,75,0,180,1.017,1.001,1.036,88,6,179,38060,38
경상남도,김해시,1.01,0.973,1.049,67,0,300,1.009,0.993,1.024,139,0,377,1.014,1,1.03,197,0,400,38070,38
경상남도,밀양시,1.01,0.973,1.049,26,0,121,1.008,0.993,1.024,63,0,175,1.014,0.999,1.029,93,0,190,38080,38
경상남도,거제시,1.02,0.969,1.076,37,0,138,1.012,0.991,1.034,75,0,207,1.017,0.998,1.041,83,0,187,38090,38
경상남도,양산시,0.999,0.959,1.037,0,0,134,1.006,0.99,1.022,53,0,184,1.012,0.996,1.028,91,0,201,38100,38
경상남도,창원시 의창구,1.017,0.979,1.057,49,0,160,1.01,0.995,1.026,81,0,202,1.015,1.001,1.032,106,6,211,38111,38
경상남도,창원시 성산구,1.019,0.979,1.062,32,0,103,1.011,0.995,1.028,51,0,128,1.016,1.001,1.034,66,3,133,38112,38
경상남도,창원시 마산합포구,1.02,0.98,1.063,66,0,199,1.011,0.994,1.028,93,0,233,1.016,1.001,1.034,117,6,237,38113,38
경상남도,창원시 마산회원구,1.017,0.976,1.062,49,0,168,1.01,0.993,1.028,78,0,202,1.016,1,1.034,98,0,204,38114,38
경상남도,창원시 진해구,1.006,0.963,1.051,19,0,140,1.008,0.99,1.027,58,0,177,1.014,0.997,1.033,80,0,177,38115,38
경상남도,의령군,1.023,0.984,1.066,23,0,64,1.011,0.996,1.028,36,0,85,1.016,1.002,1.033,46,5,90,38310,38
경상남도,함안군,1.019,0.981,1.06,28,0,86,1.011,0.995,1.027,48,0,116,1.016,1.001,1.033,62,6,122,38320,38
경상남도,창녕군,1.017,0.982,1.055,32,0,98,1.01,0.996,1.025,56,0,133,1.015,1.002,1.031,74,10,142,38330,38
경상남도,고성군,1.02,0.978,1.066,30,0,94,1.011,0.994,1.029,46,0,116,1.017,1,1.036,56,1,117,38340,38
경상남도,남해군,1.033,0.985,1.09,61,0,155,1.013,0.994,1.035,59,0,148,1.018,1,1.041,63,0,135,38350,38
경상남도,하동군,1.025,0.987,1.066,28,0,71,1.012,0.997,1.027,44,0,100,1.017,1.003,1.033,54,9,104,38360,38
경상남도,산청군,1.019,0.98,1.059,14,0,41,1.01,0.995,1.026,27,0,67,1.015,1.001,1.031,36,2,72,38370,38
경상남도,함양군,1.02,0.981,1.062,14,0,42,1.01,0.995,1.026,32,0,79,1.015,1.001,1.032,42,2,84,38380,38
경상남도,거창군,1.02,0.983,1.059,17,0,48,1.01,0.995,1.025,37,0,91,1.015,1.001,1.03,50,4,97,38390,38
경상남도,합천군,1.02,0.982,1.06,26,0,75,1.01,0.996,1.026,50,0,122,1.015,1.001,1.031,66,6,131,38400,38
제주특별자치도,제주시,1.015,0.972,1.062,22,0,91,1.008,0.991,1.025,53,0,169,1.013,0.997,1.03,64,0,148,39010,39
제주특별자치도,서귀포시,1.002,0.958,1.047,2,0,33,1.004,0.987,1.021,15,0,70,1.011,0.994,1.027,26,0,66,39020,39