SD_NM,SD_CD,SGG_NM,SGG_CD,beta,beta_L,beta_U,2012_1,2012_2,2012_3,2012_4,2012_5,2012_6,2012_7,2012_8,2012_9,2012_10,2012_11,2012_12,2013_1,2013_2,2013_3,2013_4,2013_5,2013_6,2013_7,2013_8,2013_9,2013_10,2013_11,2013_12,2014_1,2014_2,2014_3,2014_4,2014_5,2014_6,2014_7,2014_8,2014_9,2014_10,2014_11,2014_12,2015_1,2015_2,2015_3,2015_4,2015_5,2015_6,2015_7,2015_8,2015_9,2015_10,2015_11,2015_12,1mth_avg,2mth_avg,3mth_avg,4mth_avg,5mth_avg,6mth_avg,7mth_avg,8mth_avg,9mth_avg,10mth_avg,11mth_avg,12mth_avg
서울특별시,,종로구,,-0.00379,-0.00545,-0.00224,0,0,0,0,0,0,0,0,0,0,0,0,0,0,0,0,0,0,0,0,0,0,0,0,0,0,0,0,0,0,0,0,0,0,0,0,0,0,0,0,0,0,0,0,0,0,0,0,0,0,0,0,0,0,0,0,0,0,0,0
서울특별시,,중구,,-0.00347,-0.00525,-0.00176,0,0,0,0,0,0,0,0,0,0,0,0,0,0,0,0,0,0,0,0,0,0,0,0,0,0,0,0,0,0,0,0,0,0,0,0,0,0,0,0,0,0,0,0,0,0,0,0,0,0,0,0,0,0,0,0,0,0,0,0
서울특별시,,용산구,,-0.00596,-0.0074,-0.00454,0,0,0,0,0,0,0,0,0,0,0,0,0,0,0,0,0,0,0,0,0,0,0,0,0,0,0,0,0,0,0,0,0,0,0,0,0,0,0,0,0,0,0,0,0,0,0,0,0,0,0,0,0,0,0,0,0,0,0,0
서울특별시,,성동구,,-0.00379,-0.0051,-0.0025,0,0,0,0,0,0,0,0,0,0,0,0,0,0,0,0,0,0,0,0,0,0,0,0,0,0,0,0,0,0,0,0,0,0,0,0,0,0,0,0,0,0,0,0,0,0,0,0,0,0,0,0,0,0,0,0,0,0,0,0
서울특별시,,광진구,,-0.00395,-0.00523,-0.00268,0,0,0,0,0,0,0,0,0,0,0,0,0,0,0,0,0,0,0,0,0,0,0,0,0,0,0,0,0,0,0,0,0,0,0,0,0,0,0,0,0,0,0,0,0,0,0,0,0,0,0,0,0,0,0,0,0,0,0,0
서울특별시,,동대문구,,-0.00248,-0.0036,-0.00137,0,0,0,0,0,0,0,0,0,0,0,0,0,0,0,0,0,0,0,0,0,0,0,0,0,0,0,0,0,0,0,0,0,0,0,0,0,0,0,0,0,0,0,0,0,0,0,0,0,0,0,0,0,0,0,0,0,0,0,0
서울특별시,,중랑구,,0.00063,-0.00041,0.00169,3,2,1,1,2,1,1,0,1,1,2,2,3,2,2,2,3,2,2,2,2,2,3,4,2,1,1,1,1,1,1,0,0,1,1,1,2,2,1,1,1,1,0,1,0,1,1,1,2,1,1,1,1,1,1,0,0,1,1,2
서울특별시,,성북구,,-0.00477,-0.00581,-0.00372,0,0,0,0,0,0,0,0,0,0,0,0,0,0,0,0,0,0,0,0,0,0,0,0,0,0,0,0,0,0,0,0,0,0,0,0,0,0,0,0,0,0,0,0,0,0,0,0,0,0,0,0,0,0,0,0,0,0,0,0
서울특별시,,강북구,,-0.00383,-0.00502,-0.00267,0,0,0,0,0,0,0,0,0,0,0,0,0,0,0,0,0,0,0,0,0,0,0,0,0,0,0,0,0,0,0,0,0,0,0,0,0,0,0,0,0,0,0,0,0,0,0,0,0,0,0,0,0,0,0,0,0,0,0,0
서울특별시,,도봉구,,-0.003,-0.00416,-0.00183,0,0,0,0,0,0,0,0,0,0,0,0,0,0,0,0,0,0,0,0,0,0,0,0,0,0,0,0,0,0,0,0,0,0,0,0,0,0,0,0,0,0,0,0,0,0,0,0,0,0,0,0,0,0,0,0,0,0,0,0
서울특별시,,노원구,,-0.00014,-0.00112,0.00084,3,2,1,1,1,1,1,0,1,1,2,2,3,2,1,2,3,2,2,2,2,2,3,4,2,1,1,1,1,0,1,0,0,0,1,1,2,2,1,1,1,1,0,1,0,1,1,1,2,1,1,1,1,1,1,0,0,1,1,2
서울특별시,,은평구,,-0.00422,-0.00522,-0.00318,0,0,0,0,0,0,0,0,0,0,0,0,0,0,0,0,0,0,0,0,0,0,0,0,0,0,0,0,0,0,0,0,0,0,0,0,0,0,0,0,0,0,0,0,0,0,0,0,0,0,0,0,0,0,0,0,0,0,0,0
서울특별시,,서대문구,,-0.00598,-0.00721,-0.00474,0,0,0,0,0,0,0,0,0,0,0,0,0,0,0,0,0,0,0,0,0,0,0,0,0,0,0,0,0,0,0,0,0,0,0,0,0,0,0,0,0,0,0,0,0,0,0,0,0,0,0,0,0,0,0,0,0,0,0,0
서울특별시,,마포구,,-0.00617,-0.0074,-0.00497,0,0,0,0,0,0,0,0,0,0,0,0,0,0,0,0,0,0,0,0,0,0,0,0,0,0,0,0,0,0,0,0,0,0,0,0,0,0,0,0,0,0,0,0,0,0,0,0,0,0,0,0,0,0,0,0,0,0,0,0
서울특별시,,양천구,,-0.0011,-0.00216,-0.00002,0,0,0,0,0,0,0,0,0,0,0,0,0,0,0,0,0,0,0,0,0,0,0,0,0,0,0,0,0,0,0,0,0,0,0,0,0,0,0,0,0,0,0,0,0,0,0,0,0,0,0,0,0,0,0,0,0,0,0,0
서울특별시,,강서구,,0.00095,0.00006,0.00188,5,4,3,3,3,3,1,1,1,2,4,4,6,4,3,4,7,6,4,4,3,3,5,8,4,3,2,3,2,1,2,1,1,1,2,2,4,5,2,2,2,2,1,2,1,3,3,3,4,4,2,3,3,3,2,2,1,2,3,4
서울특별시,,구로구,,-0.0051,-0.00623,-0.00399,0,0,0,0,0,0,0,0,0,0,0,0,0,0,0,0,0,0,0,0,0,0,0,0,0,0,0,0,0,0,0,0,0,0,0,0,0,0,0,0,0,0,0,0,0,0,0,0,0,0,0,0,0,0,0,0,0,0,0,0
서울특별시,,금천구,,-0.00093,-0.00228,0.00039,0,0,0,0,0,0,0,0,0,0,0,0,0,0,0,0,0,0,0,0,0,0,0,0,0,0,0,0,0,0,0,0,0,0,0,0,0,0,0,0,0,0,0,0,0,0,0,0,0,0,0,0,0,0,0,0,0,0,0,0
서울특별시,,영등포구,,-0.00503,-0.00617,-0.00389,0,0,0,0,0,0,0,0,0,0,0,0,0,0,0,0,0,0,0,0,0,0,0,0,0,0,0,0,0,0,0,0,0,0,0,0,0,0,0,0,0,0,0,0,0,0,0,0,0,0,0,0,0,0,0,0,0,0,0,0
서울특별시,,동작구,,-0.00793,-0.00908,-0.00675,0,0,0,0,0,0,0,0,0,0,0,0,0,0,0,0,0,0,0,0,0,0,0,0,0,0,0,0,0,0,0,0,0,0,0,0,0,0,0,0,0,0,0,0,0,0,0,0,0,0,0,0,0,0,0,0,0,0,0,0
서울특별시,,관악구,,-0.00657,-0.00764,-0.00552,0,0,0,0,0,0,0,0,0,0,0,0,0,0,0,0,0,0,0,0,0,0,0,0,0,0,0,0,0,0,0,0,0,0,0,0,0,0,0,0,0,0,0,0,0,0,0,0,0,0,0,0,0,0,0,0,0,0,0,0
서울특별시,,서초구,,-0.0082,-0.00947,-0.00692,0,0,0,0,0,0,0,0,0,0,0,0,0,0,0,0,0,0,0,0,0,0,0,0,0,0,0,0,0,0,0,0,0,0,0,0,0,0,0,0,0,0,0,0,0,0,0,0,0,0,0,0,0,0,0,0,0,0,0,0
서울특별시,,강남구,,-0.00704,-0.0082,-0.00588,0,0,0,0,0,0,0,0,0,0,0,0,0,0,0,0,0,0,0,0,0,0,0,0,0,0,0,0,0,0,0,0,0,0,0,0,0,0,0,0,0,0,0,0,0,0,0,0,0,0,0,0,0,0,0,0,0,0,0,0
서울특별시,,송파구,,-0.00509,-0.00616,-0.00397,0,0,0,0,0,0,0,0,0,0,0,0,0,0,0,0,0,0,0,0,0,0,0,0,0,0,0,0,0,0,0,0,0,0,0,0,0,0,0,0,0,0,0,0,0,0,0,0,0,0,0,0,0,0,0,0,0,0,0,0
서울특별시,,강동구,,-0.0002,-0.00136,0.00093,2,1,1,1,1,1,0,0,0,1,1,1,2,1,1,1,2,1,1,1,1,1,2,2,1,1,1,1,1,0,0,0,0,0,1,1,1,1,0,0,1,1,0,0,0,1,0,1,1,1,0,0,1,0,0,0,0,0,1,1
경기도,,수원시 장안구,,0.00509,0.00388,0.00627,5,4,3,3,3,3,2,1,2,2,4,5,6,4,4,4,7,6,4,4,3,3,5,7,4,3,2,3,2,1,2,1,1,1,2,2,3,4,1,2,2,2,1,2,1,3,1,1,4,3,2,3,3,3,2,2,1,2,3,3
경기도,,수원시 권선구,,0.00618,0.00508,0.00732,7,5,4,5,5,4,2,1,3,3,5,6,9,5,6,6,10,8,5,6,5,5,7,10,6,4,4,4,4,2,2,2,2,3,3,3,5,6,1,3,3,4,2,3,2,4,1,1,6,5,3,4,5,4,2,3,3,3,4,5
경기도,,수원시 팔달구,,0.00476,0.00348,0.00603,3,2,2,2,2,2,1,1,1,1,2,3,3,2,2,2,4,3,2,2,2,2,3,4,2,2,1,1,1,1,1,1,1,1,1,1,2,2,0,1,1,1,1,1,1,2,0,0,2,2,1,1,2,1,1,1,1,1,1,2
경기도,,수원시 영통구,,0.00558,0.00412,0.00701,3,2,2,2,2,2,1,1,1,2,3,3,5,3,3,3,5,4,3,3,2,2,4,5,3,2,2,2,2,1,1,1,1,2,2,2,3,3,0,1,2,2,1,2,1,2,1,1,3,2,1,2,2,2,1,1,1,2,2,2
경기도,,성남시 수정구,,0.00198,0.00072,0.00324,2,1,1,1,1,1,0,0,0,1,1,1,2,1,1,1,2,2,1,1,1,1,2,3,1,1,1,1,1,0,1,0,0,0,1,1,1,1,0,0,1,1,0,1,0,1,0,0,1,1,0,0,1,1,0,0,0,0,1,1
경기도,,성남시 중원구,,0.00382,0.00256,0.00503,3,2,2,2,2,1,1,0,1,1,2,3,4,2,2,2,4,4,2,3,2,2,3,5,2,2,1,2,1,1,1,1,1,1,1,1,2,3,0,1,1,1,1,1,1,2,1,1,2,2,1,1,2,1,1,1,1,1,1,2
경기도,,성남시 분당구,,-0.00618,-0.00728,-0.0051,0,0,0,0,0,0,0,0,0,0,0,0,0,0,0,0,0,0,0,0,0,0,0,0,0,0,0,0,0,0,0,0,0,0,0,0,0,0,0,0,0,0,0,0,0,0,0,0,0,0,0,0,0,0,0,0,0,0,0,0
경기도,,의정부시,,-0.00099,-0.002,0.00006,0,0,0,0,0,0,0,0,0,0,0,0,0,0,0,0,0,0,0,0,0,0,0,0,0,0,0,0,0,0,0,0,0,0,0,0,0,0,0,0,0,0,0,0,0,0,0,0,0,0,0,0,0,0,0,0,0,0,0,0
경기도,,안양시 만안구,,-0.00056,-0.00194,0.0008,0,0,0,0,0,0,0,0,0,0,0,0,1,0,0,0,1,0,0,0,0,0,0,1,0,0,0,0,0,0,0,0,0,0,0,0,0,0,0,0,0,0,0,0,0,0,0,0,0,0,0,0,0,0,0,0,0,0,0,0
경기도,,안양시 동안구,,-0.00164,-0.00294,-0.00035,0,0,0,0,0,0,0,0,0,0,0,0,0,0,0,0,0,0,0,0,0,0,0,0,0,0,0,0,0,0,0,0,0,0,0,0,0,0,0,0,0,0,0,0,0,0,0,0,0,0,0,0,0,0,0,0,0,0,0,0
경기도,,부천시 원미구,,0.00433,0.00326,0.00539,8,6,5,4,5,4,2,1,2,3,5,7,10,6,6,5,11,9,5,6,6,6,9,13,5,4,4,4,3,2,3,2,2,2,3,3,5,7,3,3,3,3,2,3,2,5,3,4,7,5,4,4,5,4,3,3,3,4,5,6
경기도,,부천시 소사구,,0.00196,0.00052,0.00333,1,1,1,1,1,1,0,0,0,1,1,1,2,1,1,1,2,2,1,1,1,1,2,2,1,1,1,1,1,0,0,0,0,0,1,1,1,1,0,0,1,1,0,1,0,1,0,1,1,1,0,0,1,1,0,0,0,0,1,1
경기도,,부천시 오정구,,0.00473,0.00323,0.00621,2,2,1,1,1,1,1,0,1,1,1,2,3,2,1,1,3,2,1,2,1,1,2,3,1,1,1,1,1,1,1,0,0,0,1,1,1,2,1,1,1,1,0,1,0,1,1,1,1,1,1,1,1,1,0,0,0,0,1,1
경기도,,광명시,,-0.00047,-0.00172,0.00078,1,1,0,0,0,0,0,0,0,0,0,1,1,1,0,0,1,1,0,1,0,0,1,1,0,0,0,0,0,0,0,0,0,0,0,0,0,1,0,0,0,0,0,0,0,0,0,0,0,0,0,0,0,0,0,0,0,0,0,0
경기도,,평택시,,0.00116,0.00039,0.00192,2,1,2,2,2,1,1,0,1,1,1,2,7,4,5,6,7,6,3,4,3,3,4,5,5,4,3,4,4,3,2,2,2,3,3,2,4,5,1,2,3,3,2,2,2,4,1,1,4,3,2,3,4,3,2,2,2,2,2,2
경기도,,동두천시,,0.00302,0.00162,0.00439,1,1,1,0,1,0,0,0,0,0,1,1,1,1,0,1,1,1,1,1,0,1,1,1,0,0,0,0,0,0,0,0,0,0,0,0,1,1,0,0,0,0,0,0,0,0,0,0,0,0,0,0,0,0,0,0,0,0,0,0
경기도,,안산시 상록구,,0.0032,0.00198,0.00444,5,3,3,3,3,2,1,1,2,2,3,4,6,3,4,3,6,5,3,4,3,3,5,7,3,2,2,2,2,1,1,1,1,1,2,1,3,4,1,1,2,2,1,2,1,3,1,1,4,3,2,2,3,2,1,2,1,2,2,3
경기도,,안산시 단원구,,0.00587,0.00463,0.00708,6,5,4,5,5,3,2,1,2,2,4,5,7,4,5,5,7,6,3,4,4,4,5,7,4,4,3,3,4,2,2,1,2,2,2,1,3,6,1,2,3,3,2,2,2,3,1,1,5,4,3,3,4,3,2,2,2,2,3,3
경기도,,고양시 덕양구,,0.00097,-0.00006,0.00202,3,2,2,1,2,1,1,0,1,1,2,3,3,2,2,2,4,4,2,3,2,2,3,5,2,2,1,1,1,1,1,1,1,1,1,1,2,3,1,1,1,1,0,1,1,2,1,1,2,2,1,1,2,1,1,1,1,1,1,2
경기도,,고양시 일산동구,,0.00067,-0.00055,0.00188,1,1,1,1,1,1,0,0,0,0,1,1,1,1,1,1,2,1,1,1,1,1,1,2,1,1,1,1,0,0,0,0,0,0,0,0,1,1,0,0,1,0,0,0,0,1,1,1,1,1,0,0,1,0,0,0,0,0,0,1
경기도,,고양시 일산서구,,-0.00129,-0.00245,-0.00012,0,0,0,0,0,0,0,0,0,0,0,0,0,0,0,0,0,0,0,0,0,0,0,0,0,0,0,0,0,0,0,0,0,0,0,0,0,0,0,0,0,0,0,0,0,0,0,0,0,0,0,0,0,0,0,0,0,0,0,0
경기도,,과천시,,-0.0068,-0.00956,-0.00407,0,0,0,0,0,0,0,0,0,0,0,0,0,0,0,0,0,0,0,0,0,0,0,0,0,0,0,0,0,0,0,0,0,0,0,0,0,0,0,0,0,0,0,0,0,0,0,0,0,0,0,0,0,0,0,0,0,0,0,0
경기도,,구리시,,-0.00051,-0.00223,0.0012,0,0,0,0,0,0,0,0,0,0,0,0,0,0,0,0,0,0,0,0,0,0,0,0,0,0,0,0,0,0,0,0,0,0,0,0,0,0,0,0,0,0,0,0,0,0,0,0,0,0,0,0,0,0,0,0,0,0,0,0
경기도,,남양주시,,-0.00067,-0.0016,0.00029,1,1,0,0,0,0,0,0,0,0,1,1,1,0,0,1,1,1,1,1,1,1,1,1,1,0,0,0,0,0,0,0,0,0,0,0,1,1,0,0,0,0,0,0,0,0,0,0,1,0,0,0,0,0,0,0,0,0,0,0
경기도,,오산시,,0.00242,0.00106,0.00378,1,1,1,1,1,1,1,0,1,1,1,1,2,1,1,1,2,1,1,1,1,1,1,1,1,1,1,1,1,1,1,0,1,1,1,1,1,1,0,0,1,1,0,1,1,1,0,0,1,1,0,0,1,1,0,0,1,1,0,0
경기도,,시흥시,,0.00414,0.00291,0.00532,6,4,3,3,4,3,1,1,2,2,4,5,7,4,4,4,7,6,4,4,4,4,6,8,4,3,2,3,2,2,2,1,1,2,2,2,3,5,1,2,2,3,1,2,1,3,2,2,5,4,2,3,3,3,2,2,2,2,3,4
경기도,,군포시,,-0.00287,-0.00426,-0.0015,0,0,0,0,0,0,0,0,0,0,0,0,0,0,0,0,0,0,0,0,0,0,0,0,0,0,0,0,0,0,0,0,0,0,0,0,0,0,0,0,0,0,0,0,0,0,0,0,0,0,0,0,0,0,0,0,0,0,0,0
경기도,,의왕시,,-0.00008,-0.00191,0.00181,0,0,0,0,0,0,0,0,0,0,0,0,0,0,0,0,0,0,0,0,0,0,0,0,0,0,0,0,0,0,0,0,0,0,0,0,0,0,0,0,0,0,0,0,0,0,0,0,0,0,0,0,0,0,0,0,0,0,0,0
경기도,,하남시,,0.0017,-0.00005,0.00338,1,0,0,0,0,0,0,0,0,0,0,1,1,0,0,0,1,1,0,0,0,0,1,1,0,0,0,0,0,0,0,0,0,0,0,0,0,1,0,0,0,0,0,0,0,0,0,0,0,0,0,0,0,0,0,0,0,0,0,0
경기도,,용인시 처인구,,0.00197,0.00098,0.00296,2,1,1,2,2,1,1,1,1,1,2,2,3,1,2,2,2,2,1,1,1,1,2,3,2,1,1,1,1,1,1,1,1,1,1,1,1,2,0,1,1,1,1,1,1,1,0,0,2,1,1,1,1,1,1,1,1,1,1,1
경기도,,용인시 기흥구,,-0.0055,-0.00664,-0.00437,0,0,0,0,0,0,0,0,0,0,0,0,0,0,0,0,0,0,0,0,0,0,0,0,0,0,0,0,0,0,0,0,0,0,0,0,0,0,0,0,0,0,0,0,0,0,0,0,0,0,0,0,0,0,0,0,0,0,0,0
경기도,,용인시 수지구,,-0.0125,-0.01402,-0.01104,0,0,0,0,0,0,0,0,0,0,0,0,0,0,0,0,0,0,0,0,0,0,0,0,0,0,0,0,0,0,0,0,0,0,0,0,0,0,0,0,0,0,0,0,0,0,0,0,0,0,0,0,0,0,0,0,0,0,0,0
경기도,,파주시,,0.00152,0.00066,0.00237,6,4,4,3,4,3,1,1,2,2,3,4,6,4,4,4,6,5,3,4,3,3,4,7,3,3,2,2,2,1,1,1,1,1,2,2,4,5,1,2,2,2,1,2,1,2,1,1,4,4,2,2,3,2,1,2,1,2,2,3
경기도,,이천시,,0.0018,0.00089,0.00269,2,2,2,2,2,1,1,1,1,1,2,2,2,1,2,2,2,2,1,1,1,1,1,2,2,1,1,1,1,1,1,1,1,1,1,1,1,2,0,1,1,1,1,1,1,1,0,0,1,1,1,1,1,1,1,1,1,1,1,1
경기도,,안성시,,0.00205,0.00117,0.00294,2,1,2,2,2,1,1,0,1,1,2,2,2,2,2,2,2,2,1,1,1,1,1,2,2,1,1,1,1,1,1,1,1,1,1,1,1,2,0,1,1,1,1,1,1,1,0,0,1,1,1,1,1,1,1,0,1,1,1,1
경기도,,김포시,,-0.00191,-0.003,-0.00084,0,0,0,0,0,0,0,0,0,0,0,0,0,0,0,0,0,0,0,0,0,0,0,0,0,0,0,0,0,0,0,0,0,0,0,0,0,0,0,0,0,0,0,0,0,0,0,0,0,0,0,0,0,0,0,0,0,0,0,0
경기도,,화성시,,0.00072,-0.00011,0.00155,4,3,3,4,4,3,2,1,2,2,3,3,5,3,4,4,5,4,3,3,3,3,3,4,3,3,2,2,3,2,1,1,1,2,2,1,3,4,0,1,2,2,1,2,2,3,1,1,3,3,2,2,3,2,1,1,2,2,2,2
경기도,,광주시,,0.00038,-0.00078,0.00154,1,1,1,1,1,1,0,0,0,0,1,1,1,1,1,1,1,1,1,1,1,1,1,2,1,1,1,1,1,0,0,0,0,0,1,0,1,1,0,0,1,1,0,0,0,1,0,0,1,1,0,0,1,0,0,0,0,0,0,0
경기도,,양주시,,0.00101,-0.00029,0.00228,1,1,1,0,1,0,0,0,0,0,1,1,1,1,1,1,1,1,1,1,1,1,1,2,1,1,0,0,0,0,0,0,0,0,0,0,1,1,0,0,0,0,0,0,0,0,0,0,1,1,0,0,0,0,0,0,0,0,0,0
경기도,,포천시,,0.00343,0.00238,0.00444,4,2,2,2,2,1,1,0,1,1,2,3,3,2,2,2,2,2,1,2,1,1,2,3,1,1,0,0,0,0,0,0,0,0,0,0,1,2,0,1,1,1,0,1,0,1,0,1,2,1,1,1,1,1,0,0,0,0,1,1
경기도,,여주군,,0.0015,0.00051,0.00248,1,1,1,1,1,0,0,0,0,0,1,1,1,1,1,1,1,1,0,0,0,0,1,1,1,0,0,0,0,0,0,0,0,0,0,0,1,1,0,0,0,0,0,0,0,0,0,0,1,0,0,0,0,0,0,0,0,0,0,0
경기도,,연천군,,0.00104,-0.0007,0.0028,0,0,0,0,0,0,0,0,0,0,0,0,0,0,0,0,0,0,0,0,0,0,0,0,0,0,0,0,0,0,0,0,0,0,0,0,0,0,0,0,0,0,0,0,0,0,0,0,0,0,0,0,0,0,0,0,0,0,0,0
경기도,,가평군,,-0.0001,-0.00186,0.00159,0,0,0,0,0,0,0,0,0,0,0,0,0,0,0,0,0,0,0,0,0,0,0,0,0,0,0,0,0,0,0,0,0,0,0,0,0,0,0,0,0,0,0,0,0,0,0,0,0,0,0,0,0,0,0,0,0,0,0,0
경기도,,양평군,,0.00073,-0.00055,0.00196,0,0,0,0,0,0,0,0,0,0,0,0,1,0,0,0,1,0,0,0,0,0,0,1,0,0,0,0,0,0,0,0,0,0,0,0,0,0,0,0,0,0,0,0,0,0,0,0,0,0,0,0,0,0,0,0,0,0,0,0
부산광역시,,중구,,0.00156,-0.00033,0.00336,0,0,0,0,0,0,0,0,0,0,0,0,0,0,0,0,0,0,0,0,0,0,0,0,0,0,0,0,0,0,0,0,0,0,0,0,0,0,0,0,0,0,0,0,0,0,0,0,0,0,0,0,0,0,0,0,0,0,0,0
부산광역시,,서구,,0.00149,0.00031,0.00266,1,1,1,1,1,0,0,0,0,0,1,1,1,1,1,1,1,1,0,1,0,0,1,1,1,0,0,0,0,0,0,0,0,0,0,0,1,1,0,0,1,0,0,0,0,0,0,0,1,0,0,0,0,0,0,0,0,0,0,0
부산광역시,,동구,,0.00321,0.00195,0.00445,1,1,1,1,1,0,1,0,0,1,1,1,1,1,1,1,1,1,1,1,0,0,1,1,1,0,0,0,0,0,0,0,0,0,0,0,1,1,0,0,1,0,0,0,0,0,0,0,1,0,0,0,0,0,0,0,0,0,0,0
부산광역시,,영도구,,0.00164,0.00045,0.00283,1,1,1,1,1,1,1,0,1,1,1,1,1,1,1,1,1,1,1,1,0,1,1,1,1,1,0,0,1,0,0,0,0,0,0,0,1,1,0,0,1,1,0,0,0,0,0,0,1,1,0,0,1,0,0,0,0,0,0,0
부산광역시,,부산진구,,0.00213,0.00131,0.00295,6,6,5,5,6,3,4,1,3,4,6,6,8,6,8,6,7,5,4,4,3,3,5,6,6,3,3,2,3,2,2,1,1,1,2,2,4,6,3,1,5,4,2,3,2,3,2,3,6,5,4,3,5,3,3,2,2,2,3,4
부산광역시,,동래구,,0.00001,-0.00105,0.00108,1,1,1,1,1,0,1,0,0,1,1,1,1,1,1,1,1,1,1,1,0,0,1,1,1,1,0,0,0,0,0,0,0,0,0,0,1,1,0,0,1,1,0,0,0,0,0,0,1,1,0,0,0,0,0,0,0,0,0,0
부산광역시,,남구,,-0.00054,-0.00153,0.00045,0,0,0,0,1,0,0,0,0,0,0,0,0,0,1,0,1,0,0,0,0,0,0,0,0,0,0,0,0,0,0,0,0,0,0,0,0,0,0,0,0,0,0,0,0,0,0,0,0,0,0,0,0,0,0,0,0,0,0,0
부산광역시,,북구,,0.00407,0.00309,0.00504,5,6,5,5,6,3,3,1,3,3,5,5,7,5,7,5,7,5,3,4,3,3,4,6,6,4,3,2,3,2,2,1,1,1,2,2,5,6,2,1,5,4,2,2,1,3,2,3,5,5,4,3,5,3,2,2,2,2,3,4
부산광역시,,해운대구,,0.00011,-0.00084,0.00105,2,2,2,2,2,1,1,0,1,1,2,2,2,2,2,2,2,2,1,1,1,1,1,2,2,1,1,1,1,1,1,0,0,0,1,1,1,2,1,0,2,1,1,1,0,1,1,1,1,1,1,1,1,1,1,0,0,0,1,1
부산광역시,,사하구,,0.00308,0.00219,0.00398,6,7,6,6,7,4,4,2,4,4,6,7,8,6,8,6,8,7,5,5,3,4,5,7,7,4,3,2,3,2,3,1,1,2,2,2,5,6,3,2,6,5,2,3,2,3,3,3,6,5,5,4,6,4,3,2,2,3,4,4
부산광역시,,금정구,,0.00195,0.00098,0.00293,2,2,2,2,3,1,1,1,1,2,2,2,3,2,3,2,3,2,2,2,1,1,2,3,3,2,1,1,1,1,1,0,1,1,1,1,2,3,1,0,2,1,1,1,1,1,1,1,2,2,1,1,2,1,1,1,1,1,1,1
부산광역시,,강서구,,0.00227,0.00075,0.00381,0,0,0,0,0,0,0,0,0,0,0,0,0,0,0,0,0,0,0,0,0,0,0,0,0,0,0,0,0,0,0,0,0,0,0,0,0,0,0,0,0,0,0,0,0,0,0,0,0,0,0,0,0,0,0,0,0,0,0,0
부산광역시,,연제구,,0.00002,-0.0013,0.00126,1,1,1,1,1,0,0,0,0,0,1,1,1,1,1,1,1,1,0,0,0,0,0,1,1,0,0,0,0,0,0,0,0,0,0,0,1,1,0,0,1,0,0,0,0,0,0,0,1,0,0,0,0,0,0,0,0,0,0,0
부산광역시,,수영구,,-0.00191,-0.0032,-0.00063,0,0,0,0,0,0,0,0,0,0,0,0,0,0,0,0,0,0,0,0,0,0,0,0,0,0,0,0,0,0,0,0,0,0,0,0,0,0,0,0,0,0,0,0,0,0,0,0,0,0,0,0,0,0,0,0,0,0,0,0
부산광역시,,사상구,,0.00588,0.0049,0.00686,6,6,5,5,6,3,4,1,4,4,6,6,8,6,8,5,7,6,4,4,3,3,5,6,7,4,3,2,3,2,2,1,1,1,2,2,5,6,2,1,5,4,2,2,2,3,2,3,6,5,4,3,5,3,3,2,2,2,3,4
부산광역시,,기장군,,0.00305,0.00154,0.00451,1,1,1,1,1,0,0,0,0,1,1,1,1,1,1,1,1,1,1,1,0,0,1,1,1,1,1,0,1,0,0,0,0,0,0,0,1,1,0,0,1,1,0,1,0,1,0,0,1,1,0,0,1,0,0,0,0,0,0,0
대구광역시,,중구,,0.00016,-0.00139,0.0017,0,0,0,0,0,0,0,0,0,0,0,0,0,0,0,0,0,0,0,0,0,0,0,0,0,0,0,0,0,0,0,0,0,0,0,0,0,0,0,0,0,0,0,0,0,0,0,0,0,0,0,0,0,0,0,0,0,0,0,0
대구광역시,,동구,,0.00037,-0.00042,0.0012,2,2,2,2,2,1,1,1,1,1,2,2,3,2,2,2,2,2,1,1,1,1,2,2,2,1,1,2,2,1,1,0,1,1,1,1,2,2,1,0,1,1,1,1,1,1,1,1,2,1,1,1,1,1,1,0,1,1,1,1
대구광역시,,서구,,0.00306,0.0021,0.00404,3,3,2,3,2,1,2,1,2,2,3,3,4,3,4,2,3,2,1,2,1,2,2,3,3,2,2,2,2,1,1,1,1,1,2,1,3,3,1,0,2,2,1,1,1,1,1,1,3,2,2,1,2,1,1,1,1,1,2,2
대구광역시,,남구,,0.00019,-0.00092,0.00132,1,1,0,0,0,0,0,0,0,0,1,1,1,1,1,0,1,0,0,0,0,0,0,1,1,0,0,0,0,0,0,0,0,0,0,0,1,1,0,0,0,0,0,0,0,0,0,0,1,0,0,0,0,0,0,0,0,0,0,0
대구광역시,,북구,,0.00218,0.00137,0.003,7,6,5,6,5,3,3,2,3,4,7,7,9,6,8,5,6,5,3,4,3,3,5,6,7,5,4,5,6,3,2,1,2,3,5,4,6,7,3,1,4,4,2,2,2,3,3,3,7,6,5,4,5,3,2,2,2,3,5,5
대구광역시,,수성구,,-0.00022,-0.00106,0.00061,1,1,1,1,1,1,1,0,1,1,1,1,2,1,1,1,1,1,1,1,1,1,1,1,1,1,1,1,1,1,0,0,1,1,1,1,1,1,1,0,1,1,0,0,0,1,1,1,1,1,1,0,1,1,0,0,0,1,1,1
대구광역시,,달서구,,0.00262,0.00186,0.00337,12,12,10,11,11,6,7,3,7,8,12,14,18,12,14,9,12,10,5,8,6,7,9,11,12,9,7,10,11,5,4,2,5,6,8,6,12,13,6,2,9,8,4,5,4,7,7,7,13,11,9,8,10,7,5,4,5,7,9,9
대구광역시,,달성군,,0.00592,0.00476,0.00702,3,3,3,3,3,2,2,1,2,2,3,4,5,3,4,3,3,3,1,2,2,2,2,3,3,2,2,3,3,2,1,1,1,2,2,2,3,4,1,1,3,2,1,1,1,2,2,2,3,3,2,2,3,2,1,1,1,2,2,2
인천광역시,,중구,,0.00028,-0.00144,0.00205,0,0,0,0,0,0,0,0,0,0,0,0,0,0,0,0,0,0,0,0,0,0,0,0,0,0,0,0,0,0,0,0,0,0,0,0,0,0,0,0,0,0,0,0,0,0,0,0,0,0,0,0,0,0,0,0,0,0,0,0
인천광역시,,동구,,0.00076,-0.00095,0.00256,0,0,0,0,0,0,0,0,0,0,0,0,0,0,0,0,0,0,0,0,0,0,0,0,0,0,0,0,0,0,0,0,0,0,0,0,0,0,0,0,0,0,0,0,0,0,0,0,0,0,0,0,0,0,0,0,0,0,0,0
인천광역시,,남구,,0.00144,0.00048,0.00243,5,4,3,3,4,2,1,1,2,2,3,4,6,4,4,3,6,5,3,3,3,3,5,6,3,3,2,3,2,2,2,1,1,2,2,2,3,4,2,2,2,2,1,2,1,3,2,2,4,3,2,2,3,2,1,1,1,2,3,3
인천광역시,,연수구,,0.00352,0.00225,0.00479,4,3,2,3,3,2,1,1,1,1,2,3,4,3,3,3,4,4,2,3,2,2,3,4,2,2,2,2,2,1,1,1,1,1,2,1,2,3,1,1,2,2,1,1,1,2,1,1,3,2,2,2,2,2,1,1,1,1,2,2
인천광역시,,남동구,,0.00423,0.00326,0.00518,12,9,7,7,8,5,3,2,3,4,8,10,15,9,9,8,16,13,8,9,8,8,13,18,8,7,6,7,5,4,5,3,3,4,6,4,8,12,4,4,6,6,3,5,3,8,5,5,10,9,6,6,8,7,4,4,4,6,8,9
인천광역시,,부평구,,0.00344,0.00255,0.00434,13,10,8,7,8,6,3,2,4,5,8,11,16,10,9,9,17,15,9,10,9,9,14,20,8,7,6,8,5,4,5,3,3,4,6,5,8,12,4,5,6,5,3,5,3,7,5,5,11,9,6,7,9,7,5,5,4,6,8,10
인천광역시,,계양구,,0.0053,0.00409,0.00646,6,5,4,3,4,3,2,1,2,2,4,5,7,4,4,4,9,8,5,5,5,5,6,9,4,3,3,3,2,2,2,1,1,2,3,2,4,6,2,2,3,2,1,2,1,3,2,2,5,4,3,3,4,3,2,2,2,3,3,4
인천광역시,,서구,,0.006,0.00496,0.00702,15,11,8,8,9,6,3,2,4,5,8,11,17,10,10,9,18,15,8,10,9,9,13,18,9,7,6,7,5,4,4,3,3,4,6,4,9,14,5,5,6,6,3,5,3,8,6,6,12,10,7,7,9,7,4,5,4,6,8,9
인천광역시,,강화군,,-0.00203,-0.00357,-0.00054,0,0,0,0,0,0,0,0,0,0,0,0,0,0,0,0,0,0,0,0,0,0,0,0,0,0,0,0,0,0,0,0,0,0,0,0,0,0,0,0,0,0,0,0,0,0,0,0,0,0,0,0,0,0,0,0,0,0,0,0
인천광역시,,옹진군,,0.00014,-0.00367,0.00398,0,0,0,0,0,0,0,0,0,0,0,0,0,0,0,0,0,0,0,0,0,0,0,0,0,0,0,0,0,0,0,0,0,0,0,0,0,0,0,0,0,0,0,0,0,0,0,0,0,0,0,0,0,0,0,0,0,0,0,0
광주광역시,,동구,,-0.0002,-0.00185,0.00137,0,0,0,0,0,0,0,0,0,0,0,0,0,0,0,0,0,0,0,0,0,0,0,0,0,0,0,0,0,0,0,0,0,0,0,0,0,0,0,0,0,0,0,0,0,0,0,0,0,0,0,0,0,0,0,0,0,0,0,0
광주광역시,,서구,,0.00308,0.00197,0.00417,4,4,3,3,4,2,1,1,2,2,3,3,5,3,4,3,4,3,1,1,2,2,2,3,4,3,2,2,3,2,1,1,2,2,2,1,3,4,0,1,2,2,1,1,1,3,0,1,4,3,2,2,3,2,1,1,1,2,1,2
광주광역시,,남구,,0.00184,0.00051,0.00316,2,2,2,1,2,1,0,0,1,1,1,1,2,1,2,1,2,1,1,1,1,1,1,1,2,1,1,1,1,1,0,0,1,1,1,1,1,2,0,1,1,1,0,1,1,1,0,0,1,1,1,1,1,1,0,0,1,1,0,0
광주광역시,,북구,,0.00179,0.00068,0.00288,6,5,5,5,7,3,2,1,4,4,5,5,7,5,7,5,7,6,3,3,4,4,4,5,5,5,3,4,5,3,1,2,3,2,3,2,4,6,0,2,3,3,1,2,2,5,0,0,5,5,3,4,5,3,1,2,3,3,3,3
광주광역시,,광산구,,0.00546,0.00447,0.00646,10,8,8,7,10,4,2,3,6,6,8,9,12,8,11,8,11,8,4,4,6,6,6,8,8,7,5,5,7,4,2,2,4,4,4,3,7,8,1,3,5,4,2,3,3,7,2,2,9,7,6,5,8,5,2,3,4,5,5,5
대전광역시,,동구,,0.00154,0.00052,0.0026,2,2,2,2,2,1,1,0,1,1,2,2,3,2,2,2,2,2,1,1,1,1,1,2,2,2,1,1,2,1,1,0,1,1,1,1,2,2,0,1,2,1,1,1,1,2,0,0,2,2,1,1,2,1,1,0,1,1,1,1
대전광역시,,중구,,0.00049,-0.00054,0.00152,1,1,1,1,1,1,1,0,1,1,1,1,2,1,1,1,1,1,1,1,1,1,1,1,1,1,1,1,1,1,0,0,0,0,1,1,1,1,0,0,1,1,0,0,0,1,0,0,1,1,0,0,1,1,0,0,0,0,0,0
대전광역시,,서구,,0.00016,-0.00083,0.00111,2,2,2,2,2,1,1,0,1,1,2,2,3,2,2,2,2,2,1,1,1,1,1,2,2,2,1,1,2,1,1,0,1,1,1,1,2,2,0,1,1,1,1,1,1,2,0,0,2,2,1,1,1,1,1,0,1,1,1,1
대전광역시,,유성구,,0.00321,0.00197,0.00442,3,3,3,3,3,2,1,1,2,2,3,3,4,3,3,3,3,3,1,1,2,2,2,3,3,3,2,2,2,1,1,1,1,1,2,1,3,4,0,1,2,2,1,1,1,3,0,0,3,3,2,2,2,2,1,1,1,2,1,1
대전광역시,,대덕구,,0.00255,0.00134,0.00371,2,2,2,2,2,1,1,0,1,1,2,2,2,2,2,2,2,2,1,1,1,1,1,2,2,1,1,1,1,1,1,0,1,1,1,1,2,2,0,0,1,1,0,1,1,1,0,0,2,1,1,1,1,1,0,0,1,1,1,1
울산광역시,,중구,,0.00408,0.003,0.00514,3,4,3,4,4,2,3,1,2,2,3,3,4,3,4,2,4,3,2,3,1,2,2,3,3,2,2,2,2,1,1,0,1,1,1,1,3,4,2,1,3,3,2,1,1,2,1,2,3,3,2,2,3,2,2,1,1,1,1,2
울산광역시,,남구,,0.00424,0.00329,0.00519,5,7,5,6,6,4,5,1,4,4,5,5,7,5,7,4,7,7,4,5,3,3,4,5,6,4,3,3,4,2,3,1,1,2,3,2,4,6,3,1,6,4,3,3,1,3,3,3,5,5,4,3,5,4,3,2,2,3,3,3
울산광역시,,동구,,0.00871,0.00732,0.01006,3,3,3,3,4,2,3,1,2,2,3,3,4,3,4,2,4,3,2,3,1,1,2,3,3,2,2,2,2,1,1,0,0,1,1,1,2,3,2,1,3,2,1,1,1,1,1,1,3,2,2,2,3,2,1,1,1,1,1,2
울산광역시,,북구,,0.00853,0.00714,0.00991,3,3,3,3,3,2,3,1,2,2,3,3,4,3,4,2,4,3,2,3,1,1,2,3,3,2,1,1,2,1,1,0,0,1,1,1,2,3,1,1,3,2,1,1,1,1,1,1,3,2,2,1,3,2,1,1,1,1,1,2
울산광역시,,울주군,,0.00502,0.00389,0.00614,3,4,3,3,4,2,3,1,2,2,3,3,4,3,4,3,4,3,2,3,1,2,2,3,3,2,2,2,2,1,1,0,1,1,2,1,3,4,1,1,3,3,1,2,1,2,1,1,3,3,2,2,3,2,1,1,1,1,2,2
세종특별자치시,,세종특별자치시,,0.00335,0.00217,0.00451,1,1,1,1,1,1,0,0,1,1,1,1,2,1,1,1,1,1,1,1,1,1,1,1,1,1,1,1,1,1,0,0,0,1,1,1,2,2,0,1,1,1,1,1,1,1,0,0,1,1,0,1,1,1,0,0,0,1,0,0
강원도,,춘천시,,0.00027,-0.00062,0.00116,2,1,1,1,1,1,0,0,0,1,1,2,2,1,1,1,2,1,1,1,1,1,1,2,1,1,1,1,1,0,0,0,0,0,0,0,1,1,0,0,1,0,0,0,0,1,0,0,1,1,0,0,1,0,0,0,0,0,0,1
강원도,,원주시,,0.0018,0.00103,0.00259,5,4,4,4,4,3,2,1,2,3,4,5,6,4,4,4,5,3,2,3,2,2,3,6,4,3,3,3,3,2,2,1,1,2,2,2,3,4,0,1,2,2,1,1,1,2,0,0,4,3,2,3,3,2,1,1,1,2,2,3
강원도,,강릉시,,-0.00014,-0.00151,0.00123,1,1,1,1,1,0,0,0,0,0,1,0,1,1,1,0,1,0,0,0,0,0,0,1,0,0,0,0,0,0,0,0,0,0,0,0,0,1,0,0,1,0,0,0,0,0,0,0,0,0,0,0,0,0,0,0,0,0,0,0
강원도,,동해시,,0.00351,0.0018,0.00512,1,1,1,1,1,0,0,0,0,0,1,0,1,1,1,0,1,0,0,0,0,0,0,1,0,0,0,0,1,0,0,0,0,0,0,0,0,1,0,0,1,0,0,0,0,0,0,0,0,0,0,0,1,0,0,0,0,0,0,0
강원도,,태백시,,0.00375,0.00063,0.00676,0,0,0,0,0,0,0,0,0,0,0,0,0,0,0,0,0,0,0,0,0,0,0,0,0,0,0,0,0,0,0,0,0,0,0,0,0,0,0,0,0,0,0,0,0,0,0,0,0,0,0,0,0,0,0,0,0,0,0,0
강원도,,속초시,,0.00342,0.00108,0.00573,0,0,0,0,0,0,0,0,0,0,0,0,0,0,0,0,0,0,0,0,0,0,0,1,0,0,0,0,0,0,0,0,0,0,0,0,0,0,0,0,0,0,0,0,0,0,0,0,0,0,0,0,0,0,0,0,0,0,0,0
강원도,,삼척시,,0.00116,-0.00099,0.00329,0,0,0,0,0,0,0,0,0,0,0,0,0,0,0,0,0,0,0,0,0,0,0,0,0,0,0,0,0,0,0,0,0,0,0,0,0,0,0,0,0,0,0,0,0,0,0,0,0,0,0,0,0,0,0,0,0,0,0,0
강원도,,홍천군,,0.0033,0.00163,0.00495,1,0,0,0,0,0,0,0,0,0,0,1,1,0,0,0,1,0,0,0,0,0,0,1,0,0,0,0,0,0,0,0,0,0,0,0,0,0,0,0,0,0,0,0,0,0,0,0,0,0,0,0,0,0,0,0,0,0,0,0
강원도,,횡성군,,-0.00001,-0.00174,0.00172,0,0,0,0,0,0,0,0,0,0,0,0,0,0,0,0,0,0,0,0,0,0,0,0,0,0,0,0,0,0,0,0,0,0,0,0,0,0,0,0,0,0,0,0,0,0,0,0,0,0,0,0,0,0,0,0,0,0,0,0
강원도,,영월군,,0.00122,-0.00071,0.00313,0,0,0,0,0,0,0,0,0,0,0,0,0,0,0,0,0,0,0,0,0,0,0,0,0,0,0,0,0,0,0,0,0,0,0,0,0,0,0,0,0,0,0,0,0,0,0,0,0,0,0,0,0,0,0,0,0,0,0,0
강원도,,평창군,,-0.00231,-0.00499,0.00037,0,0,0,0,0,0,0,0,0,0,0,0,0,0,0,0,0,0,0,0,0,0,0,0,0,0,0,0,0,0,0,0,0,0,0,0,0,0,0,0,0,0,0,0,0,0,0,0,0,0,0,0,0,0,0,0,0,0,0,0
강원도,,정선군,,-0.0009,-0.00386,0.002,0,0,0,0,0,0,0,0,0,0,0,0,0,0,0,0,0,0,0,0,0,0,0,0,0,0,0,0,0,0,0,0,0,0,0,0,0,0,0,0,0,0,0,0,0,0,0,0,0,0,0,0,0,0,0,0,0,0,0,0
강원도,,철원군,,0.00005,-0.00209,0.00204,0,0,0,0,0,0,0,0,0,0,0,0,0,0,0,0,0,0,0,0,0,0,0,0,0,0,0,0,0,0,0,0,0,0,0,0,0,0,0,0,0,0,0,0,0,0,0,0,0,0,0,0,0,0,0,0,0,0,0,0
강원도,,화천군,,-0.00135,-0.00447,0.00172,0,0,0,0,0,0,0,0,0,0,0,0,0,0,0,0,0,0,0,0,0,0,0,0,0,0,0,0,0,0,0,0,0,0,0,0,0,0,0,0,0,0,0,0,0,0,0,0,0,0,0,0,0,0,0,0,0,0,0,0
강원도,,양구군,,0.0009,-0.0024,0.00403,0,0,0,0,0,0,0,0,0,0,0,0,0,0,0,0,0,0,0,0,0,0,0,0,0,0,0,0,0,0,0,0,0,0,0,0,0,0,0,0,0,0,0,0,0,0,0,0,0,0,0,0,0,0,0,0,0,0,0,0
강원도,,인제군,,0.00198,-0.00112,0.00501,0,0,0,0,0,0,0,0,0,0,0,0,0,0,0,0,0,0,0,0,0,0,0,0,0,0,0,0,0,0,0,0,0,0,0,0,0,0,0,0,0,0,0,0,0,0,0,0,0,0,0,0,0,0,0,0,0,0,0,0
강원도,,고성군,,0.0011,-0.00222,0.00439,0,0,0,0,0,0,0,0,0,0,0,0,0,0,0,0,0,0,0,0,0,0,0,0,0,0,0,0,0,0,0,0,0,0,0,0,0,0,0,0,0,0,0,0,0,0,0,0,0,0,0,0,0,0,0,0,0,0,0,0
강원도,,양양군,,-0.00364,-0.00702,-0.00019,0,0,0,0,0,0,0,0,0,0,0,0,0,0,0,0,0,0,0,0,0,0,0,0,0,0,0,0,0,0,0,0,0,0,0,0,0,0,0,0,0,0,0,0,0,0,0,0,0,0,0,0,0,0,0,0,0,0,0,0
충청북도,,청주시 상당구,,0.00295,0.00206,0.00383,4,3,4,3,4,2,2,1,2,2,3,5,5,4,4,4,4,3,1,2,2,2,2,4,4,3,2,2,2,1,1,1,1,1,2,2,3,4,0,1,2,2,1,1,1,2,1,1,4,3,2,2,3,2,1,1,1,1,2,3
충청북도,,청주시 흥덕구,,0.00278,0.00201,0.00361,8,7,7,7,7,4,3,2,4,4,7,9,11,7,9,7,8,6,3,4,4,4,5,8,8,7,5,5,4,3,2,1,3,3,5,4,7,9,1,2,5,4,2,3,3,5,1,1,8,7,5,5,6,4,2,2,3,4,4,5
충청북도,,충주시,,0.00266,0.00183,0.00348,4,3,3,3,3,2,1,1,2,2,3,4,4,3,4,3,4,3,2,2,1,2,3,4,3,2,2,2,2,1,1,1,1,1,2,1,2,3,1,1,2,1,1,1,0,2,1,1,3,2,2,2,2,1,1,1,1,1,2,2
충청북도,,제천시,,0.00194,0.00092,0.00294,1,1,1,1,1,1,0,0,1,1,1,1,1,1,1,1,1,1,0,1,0,1,1,1,1,1,1,1,1,0,0,0,0,0,1,0,1,1,0,0,1,0,0,0,0,0,0,0,1,1,0,0,1,0,0,0,0,0,0,0
충청북도,,청원군,,0.0015,0.00043,0.00256,1,1,1,1,1,1,0,0,1,1,1,1,1,1,1,1,1,1,0,1,0,0,1,1,1,1,1,1,1,0,0,0,0,0,1,0,1,1,0,0,1,1,0,0,0,1,0,0,1,1,0,0,1,0,0,0,0,0,0,0
충청북도,,보은군,,0.00362,0.0019,0.00533,0,0,0,0,0,0,0,0,0,0,0,0,0,0,0,0,0,0,0,0,0,0,0,0,0,0,0,0,0,0,0,0,0,0,0,0,0,0,0,0,0,0,0,0,0,0,0,0,0,0,0,0,0,0,0,0,0,0,0,0
충청북도,,옥천군,,0.00411,0.0026,0.00562,0,0,0,0,0,0,0,0,0,0,0,0,1,0,0,0,0,0,0,0,0,0,0,0,0,0,0,0,0,0,0,0,0,0,0,0,0,0,0,0,0,0,0,0,0,0,0,0,0,0,0,0,0,0,0,0,0,0,0,0
충청북도,,영동군,,0.0035,0.00182,0.00515,0,0,0,0,0,0,0,0,0,0,0,0,0,0,0,0,0,0,0,0,0,0,0,0,0,0,0,0,0,0,0,0,0,0,0,0,0,0,0,0,0,0,0,0,0,0,0,0,0,0,0,0,0,0,0,0,0,0,0,0
충청북도,,진천군,,0.0025,0.00113,0.00384,0,0,0,0,0,0,0,0,0,0,0,0,1,0,0,0,0,0,0,0,0,0,0,0,0,0,0,0,0,0,0,0,0,0,0,0,0,0,0,0,0,0,0,0,0,0,0,0,0,0,0,0,0,0,0,0,0,0,0,0
충청북도,,괴산군,,0.00262,0.00104,0.00424,0,0,0,0,0,0,0,0,0,0,0,0,0,0,0,0,0,0,0,0,0,0,0,0,0,0,0,0,0,0,0,0,0,0,0,0,0,0,0,0,0,0,0,0,0,0,0,0,0,0,0,0,0,0,0,0,0,0,0,0
충청북도,,음성군,,0.00519,0.00417,0.00625,2,1,1,1,1,1,1,0,1,1,1,2,2,1,2,1,2,1,1,1,1,1,1,2,2,1,1,1,1,0,0,0,0,1,1,1,1,2,0,0,1,1,0,1,0,1,0,0,1,1,1,0,1,0,0,0,0,1,0,1
충청북도,,단양군,,0.00193,0.0001,0.0038,0,0,0,0,0,0,0,0,0,0,0,0,0,0,0,0,0,0,0,0,0,0,0,0,0,0,0,0,0,0,0,0,0,0,0,0,0,0,0,0,0,0,0,0,0,0,0,0,0,0,0,0,0,0,0,0,0,0,0,0
충청북도,,증평군,,0.00206,-0.00002,0.00403,0,0,0,0,0,0,0,0,0,0,0,0,0,0,0,0,0,0,0,0,0,0,0,0,0,0,0,0,0,0,0,0,0,0,0,0,0,0,0,0,0,0,0,0,0,0,0,0,0,0,0,0,0,0,0,0,0,0,0,0
충청남도,,천안시 동남구,,0.00296,0.00204,0.00391,4,3,3,4,4,2,1,1,2,2,3,4,5,3,4,4,4,3,2,2,2,2,3,4,3,3,2,2,2,1,1,1,1,2,2,1,3,4,0,1,2,2,1,1,1,2,0,0,3,3,2,2,3,2,1,1,1,2,2,2
충청남도,,천안시 서북구,,0.0024,0.00138,0.00343,3,3,3,3,3,2,1,1,2,2,3,4,5,3,4,4,4,3,1,2,2,2,3,3,3,3,2,3,2,1,1,1,1,2,2,1,3,4,0,1,2,2,1,2,1,2,0,0,3,3,2,2,2,2,1,1,1,2,2,2
충청남도,,공주시,,0.00209,0.00088,0.0033,1,1,1,1,1,1,0,0,1,0,1,1,1,1,1,1,1,1,0,0,1,0,1,1,1,1,0,0,0,0,0,0,0,0,0,0,1,1,0,0,1,1,0,0,0,1,0,0,1,1,0,0,0,0,0,0,0,0,0,0
충청남도,,보령시,,0.00011,-0.00133,0.00157,0,0,0,0,0,0,0,0,0,0,0,0,0,0,0,0,0,0,0,0,0,0,0,0,0,0,0,0,0,0,0,0,0,0,0,0,0,0,0,0,0,0,0,0,0,0,0,0,0,0,0,0,0,0,0,0,0,0,0,0
충청남도,,아산시,,0.00184,0.00093,0.00275,3,3,3,3,3,2,1,1,2,1,2,3,4,3,3,3,4,3,1,2,2,2,2,3,3,3,2,2,2,1,1,1,1,2,1,1,2,3,0,1,2,2,1,1,1,2,0,0,3,3,2,2,2,2,1,1,1,1,1,1
충청남도,,서산시,,-0.00334,-0.00476,-0.00194,0,0,0,0,0,0,0,0,0,0,0,0,0,0,0,0,0,0,0,0,0,0,0,0,0,0,0,0,0,0,0,0,0,0,0,0,0,0,0,0,0,0,0,0,0,0,0,0,0,0,0,0,0,0,0,0,0,0,0,0
충청남도,,논산시,,0.00165,0.00054,0.00272,1,1,1,1,1,1,0,0,1,1,1,1,1,1,1,1,1,1,1,0,1,1,1,1,1,1,0,0,1,0,0,0,0,0,0,0,1,1,0,0,1,1,0,0,0,1,0,0,1,1,0,0,1,0,0,0,0,0,0,0
충청남도,,계룡시,,0.0014,-0.00171,0.00446,0,0,0,0,0,0,0,0,0,0,0,0,0,0,0,0,0,0,0,0,0,0,0,0,0,0,0,0,0,0,0,0,0,0,0,0,0,0,0,0,0,0,0,0,0,0,0,0,0,0,0,0,0,0,0,0,0,0,0,0
충청남도,,당진시,,-0.00163,-0.00279,-0.00043,0,0,0,0,0,0,0,0,0,0,0,0,0,0,0,0,0,0,0,0,0,0,0,0,0,0,0,0,0,0,0,0,0,0,0,0,0,0,0,0,0,0,0,0,0,0,0,0,0,0,0,0,0,0,0,0,0,0,0,0
충청남도,,금산군,,0.00233,0.00069,0.00398,0,0,0,0,0,0,0,0,0,0,0,0,0,0,0,0,0,0,0,0,0,0,0,0,0,0,0,0,0,0,0,0,0,0,0,0,0,0,0,0,0,0,0,0,0,0,0,0,0,0,0,0,0,0,0,0,0,0,0,0
충청남도,,부여군,,0.00236,0.00101,0.00369,1,0,0,1,1,0,0,0,0,0,0,1,1,1,1,0,1,1,0,0,0,0,0,0,0,0,0,0,0,0,0,0,0,0,0,0,0,1,0,0,0,0,0,0,0,0,0,0,0,0,0,0,0,0,0,0,0,0,0,0
충청남도,,서천군,,0.00025,-0.00127,0.00178,0,0,0,0,0,0,0,0,0,0,0,0,0,0,0,0,0,0,0,0,0,0,0,0,0,0,0,0,0,0,0,0,0,0,0,0,0,0,0,0,0,0,0,0,0,0,0,0,0,0,0,0,0,0,0,0,0,0,0,0
충청남도,,청양군,,0.0003,-0.00166,0.00231,0,0,0,0,0,0,0,0,0,0,0,0,0,0,0,0,0,0,0,0,0,0,0,0,0,0,0,0,0,0,0,0,0,0,0,0,0,0,0,0,0,0,0,0,0,0,0,0,0,0,0,0,0,0,0,0,0,0,0,0
충청남도,,홍성군,,0.00159,0.00017,0.00297,0,0,0,0,1,0,0,0,0,0,0,0,1,0,0,0,1,1,0,0,0,0,0,0,0,0,0,0,0,0,0,0,0,0,0,0,0,1,0,0,0,0,0,0,0,0,0,0,0,0,0,0,0,0,0,0,0,0,0,0
충청남도,,예산군,,0.00038,-0.00089,0.0017,0,0,0,0,0,0,0,0,0,0,0,0,0,0,0,0,0,0,0,0,0,0,0,0,0,0,0,0,0,0,0,0,0,0,0,0,0,0,0,0,0,0,0,0,0,0,0,0,0,0,0,0,0,0,0,0,0,0,0,0
충청남도,,태안군,,-0.00422,-0.00635,-0.0021,0,0,0,0,0,0,0,0,0,0,0,0,0,0,0,0,0,0,0,0,0,0,0,0,0,0,0,0,0,0,0,0,0,0,0,0,0,0,0,0,0,0,0,0,0,0,0,0,0,0,0,0,0,0,0,0,0,0,0,0
전라북도,,전주시 완산구,,0.00055,-0.00017,0.00129,3,2,2,2,3,1,1,1,1,1,2,3,3,3,3,2,3,2,1,1,2,2,2,2,2,3,1,1,2,1,0,0,1,1,1,1,2,2,0,1,1,1,1,1,1,2,0,0,2,2,1,1,2,1,0,0,1,1,1,1
전라북도,,전주시 덕진구,,0.00018,-0.00067,0.00102,1,1,1,1,1,1,0,0,1,1,1,1,2,1,1,1,1,1,1,0,1,1,1,1,1,1,1,1,1,1,0,0,0,0,0,0,1,1,0,0,1,1,0,0,0,1,0,0,1,1,0,0,1,1,0,0,0,0,0,0
전라북도,,군산시,,0.00247,0.00153,0.0034,5,3,4,4,5,2,1,1,3,2,3,4,5,3,4,3,4,3,1,1,2,2,2,3,2,3,1,2,2,1,1,1,1,1,1,1,2,3,1,1,1,2,1,1,1,3,1,1,3,3,2,2,3,2,1,1,1,2,1,2
전라북도,,익산시,,0.00166,0.00091,0.0024,5,3,4,4,5,2,2,2,3,3,4,5,6,4,5,4,5,4,2,2,3,3,3,4,4,4,2,2,3,2,1,1,1,1,2,1,3,4,0,1,2,2,1,1,1,4,1,0,4,3,2,2,3,2,1,1,2,2,2,2
전라북도,,정읍시,,0.00131,0.00028,0.00236,1,1,1,1,1,0,0,0,0,1,1,1,1,1,1,1,1,1,0,0,1,1,1,1,1,1,0,0,1,0,0,0,0,0,0,0,1,1,0,0,0,0,0,0,0,1,0,0,1,1,0,0,0,0,0,0,0,0,0,0
전라북도,,남원시,,0.00066,-0.00074,0.00205,0,0,0,0,0,0,0,0,0,0,0,0,0,0,0,0,0,0,0,0,0,0,0,0,0,0,0,0,0,0,0,0,0,0,0,0,0,0,0,0,0,0,0,0,0,0,0,0,0,0,0,0,0,0,0,0,0,0,0,0
전라북도,,김제시,,0.0012,0.00015,0.00223,1,0,1,1,1,0,0,0,0,0,0,1,1,1,1,1,1,1,0,0,0,0,0,0,1,1,0,0,0,0,0,0,0,0,0,0,0,1,0,0,0,0,0,0,0,0,0,0,0,0,0,0,0,0,0,0,0,0,0,0
전라북도,,완주군,,0.00198,0.00078,0.00319,1,0,1,1,1,0,0,0,0,0,0,1,1,1,1,1,1,1,0,0,0,0,0,1,1,1,0,0,0,0,0,0,0,0,0,0,0,1,0,0,0,0,0,0,0,0,0,0,0,0,0,0,0,0,0,0,0,0,0,0
전라북도,,진안군,,0.00091,-0.00118,0.00296,0,0,0,0,0,0,0,0,0,0,0,0,0,0,0,0,0,0,0,0,0,0,0,0,0,0,0,0,0,0,0,0,0,0,0,0,0,0,0,0,0,0,0,0,0,0,0,0,0,0,0,0,0,0,0,0,0,0,0,0
전라북도,,무주군,,-0.00188,-0.00478,0.00092,0,0,0,0,0,0,0,0,0,0,0,0,0,0,0,0,0,0,0,0,0,0,0,0,0,0,0,0,0,0,0,0,0,0,0,0,0,0,0,0,0,0,0,0,0,0,0,0,0,0,0,0,0,0,0,0,0,0,0,0
전라북도,,장수군,,-0.00005,-0.00268,0.00251,0,0,0,0,0,0,0,0,0,0,0,0,0,0,0,0,0,0,0,0,0,0,0,0,0,0,0,0,0,0,0,0,0,0,0,0,0,0,0,0,0,0,0,0,0,0,0,0,0,0,0,0,0,0,0,0,0,0,0,0
전라북도,,임실군,,0.00018,-0.00172,0.00203,0,0,0,0,0,0,0,0,0,0,0,0,0,0,0,0,0,0,0,0,0,0,0,0,0,0,0,0,0,0,0,0,0,0,0,0,0,0,0,0,0,0,0,0,0,0,0,0,0,0,0,0,0,0,0,0,0,0,0,0
전라북도,,순창군,,0.00176,-0.00019,0.00366,0,0,0,0,0,0,0,0,0,0,0,0,0,0,0,0,0,0,0,0,0,0,0,0,0,0,0,0,0,0,0,0,0,0,0,0,0,0,0,0,0,0,0,0,0,0,0,0,0,0,0,0,0,0,0,0,0,0,0,0
전라북도,,고창군,,-0.00044,-0.00193,0.00103,0,0,0,0,0,0,0,0,0,0,0,0,0,0,0,0,0,0,0,0,0,0,0,0,0,0,0,0,0,0,0,0,0,0,0,0,0,0,0,0,0,0,0,0,0,0,0,0,0,0,0,0,0,0,0,0,0,0,0,0
전라북도,,부안군,,0.00112,-0.00046,0.00268,0,0,0,0,0,0,0,0,0,0,0,0,0,0,0,0,0,0,0,0,0,0,0,0,0,0,0,0,0,0,0,0,0,0,0,0,0,0,0,0,0,0,0,0,0,0,0,0,0,0,0,0,0,0,0,0,0,0,0,0
전라남도,,목포시,,0.00444,0.00318,0.0057,4,3,3,3,4,2,1,1,2,2,2,3,5,2,3,3,4,3,2,2,2,2,2,3,2,2,1,2,2,2,1,0,1,1,1,0,2,2,0,2,2,2,2,2,1,3,1,1,3,2,1,2,3,2,1,1,1,2,1,1
전라남도,,여수시,,0.00356,0.00244,0.00472,5,4,4,4,5,2,1,1,3,3,3,3,5,4,5,3,5,3,2,2,2,3,3,4,3,3,2,2,2,1,1,1,1,1,1,0,2,4,1,1,3,2,1,1,1,2,1,1,3,3,3,2,3,2,1,1,1,2,2,2
전라남도,,순천시,,0.0033,0.00221,0.00439,3,3,3,3,4,2,1,1,2,2,3,3,4,3,4,3,4,3,2,2,2,2,2,3,3,3,2,2,3,2,1,1,1,1,1,1,2,4,1,1,2,2,1,1,1,2,1,1,3,3,2,2,3,2,1,1,1,1,1,2
전라남도,,나주시,,0.00204,0.00065,0.00341,1,1,1,0,1,0,0,0,0,0,0,1,1,0,1,0,1,1,0,0,0,0,0,1,1,0,0,0,0,0,0,0,0,0,0,0,0,1,0,0,0,0,0,0,0,1,0,0,0,0,0,0,0,0,0,0,0,0,0,0
전라남도,,광양시,,0.00349,0.00201,0.00496,1,1,1,1,1,1,1,0,1,1,1,1,1,1,1,1,1,1,1,1,1,1,1,1,1,1,1,1,1,1,0,0,0,0,1,0,1,1,0,0,1,1,0,0,0,1,0,0,1,1,0,0,1,1,0,0,0,0,0,0
전라남도,,담양군,,-0.00226,-0.00403,-0.00045,0,0,0,0,0,0,0,0,0,0,0,0,0,0,0,0,0,0,0,0,0,0,0,0,0,0,0,0,0,0,0,0,0,0,0,0,0,0,0,0,0,0,0,0,0,0,0,0,0,0,0,0,0,0,0,0,0,0,0,0
전라남도,,곡성군,,0.00038,-0.00172,0.00249,0,0,0,0,0,0,0,0,0,0,0,0,0,0,0,0,0,0,0,0,0,0,0,0,0,0,0,0,0,0,0,0,0,0,0,0,0,0,0,0,0,0,0,0,0,0,0,0,0,0,0,0,0,0,0,0,0,0,0,0
전라남도,,구례군,,0.00151,-0.00086,0.0039,0,0,0,0,0,0,0,0,0,0,0,0,0,0,0,0,0,0,0,0,0,0,0,0,0,0,0,0,0,0,0,0,0,0,0,0,0,0,0,0,0,0,0,0,0,0,0,0,0,0,0,0,0,0,0,0,0,0,0,0
전라남도,,고흥군,,0.00244,0.00045,0.00442,0,0,0,0,1,0,0,0,0,0,0,0,0,0,1,0,1,0,0,0,0,0,0,0,0,0,0,0,0,0,0,0,0,0,0,0,0,0,0,0,0,0,0,0,0,0,0,0,0,0,0,0,0,0,0,0,0,0,0,0
전라남도,,보성군,,-0.00114,-0.00331,0.00104,0,0,0,0,0,0,0,0,0,0,0,0,0,0,0,0,0,0,0,0,0,0,0,0,0,0,0,0,0,0,0,0,0,0,0,0,0,0,0,0,0,0,0,0,0,0,0,0,0,0,0,0,0,0,0,0,0,0,0,0
전라남도,,화순군,,-0.00061,-0.00254,0.00124,0,0,0,0,0,0,0,0,0,0,0,0,0,0,0,0,0,0,0,0,0,0,0,0,0,0,0,0,0,0,0,0,0,0,0,0,0,0,0,0,0,0,0,0,0,0,0,0,0,0,0,0,0,0,0,0,0,0,0,0
전라남도,,장흥군,,0.00107,-0.00139,0.00343,0,0,0,0,0,0,0,0,0,0,0,0,0,0,0,0,0,0,0,0,0,0,0,0,0,0,0,0,0,0,0,0,0,0,0,0,0,0,0,0,0,0,0,0,0,0,0,0,0,0,0,0,0,0,0,0,0,0,0,0
전라남도,,강진군,,0.00307,0.0008,0.00547,0,0,0,0,0,0,0,0,0,0,0,0,0,0,0,0,0,0,0,0,0,0,0,0,0,0,0,0,0,0,0,0,0,0,0,0,0,0,0,0,0,0,0,0,0,0,0,0,0,0,0,0,0,0,0,0,0,0,0,0
전라남도,,해남군,,0.00195,-0.00004,0.00388,1,0,0,0,0,0,0,0,0,0,0,0,0,0,0,0,0,0,0,0,0,0,0,0,0,0,0,0,0,0,0,0,0,0,0,0,0,0,0,0,0,0,0,0,0,0,0,0,0,0,0,0,0,0,0,0,0,0,0,0
전라남도,,영암군,,-0.00057,-0.00247,0.00132,0,0,0,0,0,0,0,0,0,0,0,0,0,0,0,0,0,0,0,0,0,0,0,0,0,0,0,0,0,0,0,0,0,0,0,0,0,0,0,0,0,0,0,0,0,0,0,0,0,0,0,0,0,0,0,0,0,0,0,0
전라남도,,무안군,,0.00481,0.00307,0.00656,1,1,1,0,1,0,0,0,0,0,0,1,1,1,1,0,1,1,0,0,0,0,0,1,0,1,0,0,0,0,0,0,0,0,0,0,1,1,0,0,0,0,0,0,0,1,0,0,0,1,0,0,0,0,0,0,0,0,0,0
전라남도,,함평군,,0.00141,-0.00062,0.00344,0,0,0,0,0,0,0,0,0,0,0,0,0,0,0,0,0,0,0,0,0,0,0,0,0,0,0,0,0,0,0,0,0,0,0,0,0,0,0,0,0,0,0,0,0,0,0,0,0,0,0,0,0,0,0,0,0,0,0,0
전라남도,,영광군,,0.00046,-0.00145,0.00238,0,0,0,0,0,0,0,0,0,0,0,0,0,0,0,0,0,0,0,0,0,0,0,0,0,0,0,0,0,0,0,0,0,0,0,0,0,0,0,0,0,0,0,0,0,0,0,0,0,0,0,0,0,0,0,0,0,0,0,0
전라남도,,장성군,,0.00057,-0.00103,0.00212,0,0,0,0,0,0,0,0,0,0,0,0,0,0,0,0,0,0,0,0,0,0,0,0,0,0,0,0,0,0,0,0,0,0,0,0,0,0,0,0,0,0,0,0,0,0,0,0,0,0,0,0,0,0,0,0,0,0,0,0
전라남도,,완도군,,-0.00014,-0.00302,0.00279,0,0,0,0,0,0,0,0,0,0,0,0,0,0,0,0,0,0,0,0,0,0,0,0,0,0,0,0,0,0,0,0,0,0,0,0,0,0,0,0,0,0,0,0,0,0,0,0,0,0,0,0,0,0,0,0,0,0,0,0
전라남도,,진도군,,-0.00268,-0.00653,0.00115,0,0,0,0,0,0,0,0,0,0,0,0,0,0,0,0,0,0,0,0,0,0,0,0,0,0,0,0,0,0,0,0,0,0,0,0,0,0,0,0,0,0,0,0,0,0,0,0,0,0,0,0,0,0,0,0,0,0,0,0
전라남도,,신안군,,-0.00402,-0.00731,-0.00077,0,0,0,0,0,0,0,0,0,0,0,0,0,0,0,0,0,0,0,0,0,0,0,0,0,0,0,0,0,0,0,0,0,0,0,0,0,0,0,0,0,0,0,0,0,0,0,0,0,0,0,0,0,0,0,0,0,0,0,0
경상북도,,포항시 남구,,0.00586,0.00489,0.00681,6,5,5,6,6,3,4,1,3,3,5,5,7,5,7,5,6,5,4,5,2,3,5,6,5,2,3,4,5,2,3,1,1,2,3,2,4,5,3,1,4,3,2,2,1,2,2,3,5,4,4,4,5,3,3,2,1,2,3,4
경상북도,,포항시 북구,,0.00431,0.00322,0.0054,4,4,3,4,4,2,3,1,2,2,4,4,5,4,6,4,5,4,3,3,2,2,4,5,3,1,2,2,3,1,1,0,1,1,1,1,3,5,2,0,3,2,1,1,1,2,2,2,3,3,3,2,3,2,2,1,1,1,2,3
경상북도,,경주시,,0.00286,0.00205,0.0037,5,5,4,5,5,3,4,2,3,3,4,4,6,4,6,4,5,5,3,4,2,3,4,5,4,3,2,3,4,2,2,1,1,2,3,2,4,5,2,1,4,3,2,2,1,2,2,2,4,4,3,3,4,3,2,2,1,2,3,3
경상북도,,김천시,,0.00244,0.00139,0.00343,1,1,1,1,1,1,1,0,1,1,1,1,2,1,2,1,2,1,1,1,1,1,1,1,1,1,1,1,1,1,0,0,0,0,1,0,1,1,0,0,1,1,0,0,0,1,1,1,1,1,1,0,1,1,0,0,0,0,1,0
경상북도,,안동시,,0.00244,0.00145,0.00345,2,2,2,2,1,1,1,0,1,1,2,2,3,2,3,1,2,1,1,1,1,1,2,3,2,1,1,1,2,1,0,0,0,1,1,1,2,2,1,0,1,1,0,1,0,1,1,1,2,1,1,1,1,1,0,0,0,1,1,1
경상북도,,구미시,,0.00548,0.00451,0.00643,4,4,3,3,3,1,1,0,2,2,4,5,17,12,15,10,13,10,6,8,7,7,9,12,12,8,7,8,10,5,4,2,4,4,6,4,10,13,5,2,7,6,3,4,3,6,7,6,10,9,7,5,8,5,3,3,4,4,6,6
경상북도,,영주시,,0.00203,0.00096,0.0031,1,1,1,1,1,0,0,0,0,1,1,1,1,1,1,1,1,1,0,0,0,0,1,1,1,1,1,1,1,0,0,0,0,0,0,0,1,1,0,0,0,0,0,0,0,0,0,0,1,1,0,0,0,0,0,0,0,0,0,0
경상북도,,영천시,,0.00112,-0.00003,0.00227,1,1,0,1,0,0,0,0,0,0,1,1,1,1,1,0,1,1,0,0,0,0,0,1,1,0,0,0,0,0,0,0,0,0,0,0,0,1,0,0,0,0,0,0,0,0,0,0,0,0,0,0,0,0,0,0,0,0,0,0
경상북도,,상주시,,0.00226,0.00108,0.00344,1,1,1,1,1,1,0,0,0,1,1,1,1,1,1,1,1,1,0,1,1,0,1,1,1,1,0,0,1,0,0,0,0,0,0,0,1,1,0,0,1,1,0,0,0,1,0,0,1,1,0,0,1,0,0,0,0,0,0,0
경상북도,,문경시,,0.00165,0.00017,0.00308,0,0,0,0,0,0,0,0,0,0,0,0,1,0,1,0,0,0,0,0,0,0,0,0,0,0,0,0,0,0,0,0,0,0,0,0,0,0,0,0,0,0,0,0,0,0,0,0,0,0,0,0,0,0,0,0,0,0,0,0
경상북도,,경산시,,0.00146,0.00052,0.00241,2,2,2,2,2,1,1,1,1,1,2,2,3,2,2,2,2,2,1,1,1,1,2,2,2,1,1,2,2,1,1,0,1,1,2,1,2,2,1,0,2,1,1,1,1,1,1,1,2,1,1,1,2,1,1,0,1,1,1,1
경상북도,,군위군,,0.00028,-0.00154,0.00209,0,0,0,0,0,0,0,0,0,0,0,0,0,0,0,0,0,0,0,0,0,0,0,0,0,0,0,0,0,0,0,0,0,0,0,0,0,0,0,0,0,0,0,0,0,0,0,0,0,0,0,0,0,0,0,0,0,0,0,0
경상북도,,의성군,,0.00244,0.00114,0.00376,0,0,0,0,0,0,0,0,0,0,0,1,1,0,1,0,0,0,0,0,0,0,0,1,0,0,0,0,0,0,0,0,0,0,0,0,0,1,0,0,0,0,0,0,0,0,0,0,0,0,0,0,0,0,0,0,0,0,0,0
경상북도,,청송군,,-0.00035,-0.00281,0.00205,0,0,0,0,0,0,0,0,0,0,0,0,0,0,0,0,0,0,0,0,0,0,0,0,0,0,0,0,0,0,0,0,0,0,0,0,0,0,0,0,0,0,0,0,0,0,0,0,0,0,0,0,0,0,0,0,0,0,0,0
경상북도,,영양군,,-0.00013,-0.00321,0.00294,0,0,0,0,0,0,0,0,0,0,0,0,0,0,0,0,0,0,0,0,0,0,0,0,0,0,0,0,0,0,0,0,0,0,0,0,0,0,0,0,0,0,0,0,0,0,0,0,0,0,0,0,0,0,0,0,0,0,0,0
경상북도,,영덕군,,0.00093,-0.00144,0.0032,0,0,0,0,0,0,0,0,0,0,0,0,0,0,0,0,0,0,0,0,0,0,0,0,0,0,0,0,0,0,0,0,0,0,0,0,0,0,0,0,0,0,0,0,0,0,0,0,0,0,0,0,0,0,0,0,0,0,0,0
경상북도,,청도군,,0.00213,0.00055,0.00377,0,0,0,0,0,0,0,0,0,0,0,0,0,0,0,0,0,0,0,0,0,0,0,0,0,0,0,0,0,0,0,0,0,0,0,0,0,0,0,0,0,0,0,0,0,0,0,0,0,0,0,0,0,0,0,0,0,0,0,0
경상북도,,고령군,,0.00225,0.00029,0.0042,0,0,0,0,0,0,0,0,0,0,0,0,0,0,0,0,0,0,0,0,0,0,0,0,0,0,0,0,0,0,0,0,0,0,0,0,0,0,0,0,0,0,0,0,0,0,0,0,0,0,0,0,0,0,0,0,0,0,0,0
경상북도,,성주군,,0.00332,0.00184,0.00479,0,0,0,0,0,0,0,0,0,0,0,0,0,0,0,0,0,0,0,0,0,0,0,0,0,0,0,0,0,0,0,0,0,0,0,0,0,0,0,0,0,0,0,0,0,0,0,0,0,0,0,0,0,0,0,0,0,0,0,0
경상북도,,칠곡군,,0.00281,0.00162,0.00397,1,1,1,1,1,0,0,0,1,1,1,1,1,1,1,1,1,1,0,1,1,1,1,1,1,1,1,1,1,0,0,0,0,0,1,0,1,1,0,0,1,1,0,0,0,1,1,1,1,1,0,0,1,0,0,0,0,0,1,0
경상북도,,예천군,,0.00083,-0.00065,0.00235,0,0,0,0,0,0,0,0,0,0,0,0,0,0,0,0,0,0,0,0,0,0,0,0,0,0,0,0,0,0,0,0,0,0,0,0,0,0,0,0,0,0,0,0,0,0,0,0,0,0,0,0,0,0,0,0,0,0,0,0
경상북도,,봉화군,,-0.00054,-0.0026,0.00154,0,0,0,0,0,0,0,0,0,0,0,0,0,0,0,0,0,0,0,0,0,0,0,0,0,0,0,0,0,0,0,0,0,0,0,0,0,0,0,0,0,0,0,0,0,0,0,0,0,0,0,0,0,0,0,0,0,0,0,0
경상북도,,울진군,,0.00649,0.00413,0.00883,0,0,0,0,0,0,0,0,0,0,0,0,0,0,0,0,0,0,0,0,0,0,0,1,0,0,0,0,0,0,0,0,0,0,0,0,0,0,0,0,0,0,0,0,0,0,0,0,0,0,0,0,0,0,0,0,0,0,0,0
경상남도,,진주시,,0.0018,0.00096,0.00264,4,4,4,3,4,3,2,1,2,3,4,4,6,4,5,3,5,4,2,3,2,3,3,4,4,3,2,2,4,2,1,1,2,2,2,2,4,5,1,1,3,3,2,2,2,3,2,2,4,4,3,2,4,3,1,1,2,2,2,3
경상남도,,통영시,,0.00585,0.00424,0.0075,2,2,2,1,2,1,0,0,1,1,1,1,2,2,2,1,2,1,0,1,1,1,1,1,1,1,0,0,1,0,0,0,0,0,0,0,1,2,0,0,1,1,0,0,0,1,0,0,1,1,1,0,1,0,0,0,0,0,0,0
경상남도,,사천시,,0.00255,0.00131,0.00377,1,1,1,1,1,1,0,0,1,1,1,1,1,1,1,1,1,1,0,1,1,1,1,1,1,1,0,0,1,0,0,0,0,0,0,0,1,1,0,0,1,1,0,0,0,1,0,0,1,1,0,0,1,0,0,0,0,0,0,0
경상남도,,김해시,,0.00518,0.00438,0.00597,16,17,15,15,17,9,10,5,11,11,16,17,22,16,21,14,19,15,9,13,9,10,13,16,19,12,8,6,8,6,6,1,5,5,7,5,15,19,5,4,15,12,5,7,5,9,6,7,18,16,12,9,14,10,7,6,7,8,10,11
경상남도,,밀양시,,0.00395,0.00282,0.0051,1,2,1,1,2,1,1,0,1,1,1,2,2,1,2,1,2,1,1,1,1,1,1,1,1,1,1,1,1,1,1,0,0,0,1,0,1,2,0,0,1,1,0,1,0,1,0,0,1,1,1,0,1,1,0,0,0,0,0,0
경상남도,,거제시,,0.009,0.0075,0.01054,4,4,4,4,5,2,2,1,3,3,4,4,6,5,6,3,5,4,2,3,2,3,3,4,3,2,1,1,2,1,1,0,1,1,1,0,3,5,1,1,3,3,1,1,1,2,1,1,4,4,3,2,3,2,1,1,1,2,2,2
경상남도,,양산시,,0.0017,0.0006,0.00277,2,2,2,2,2,1,1,1,1,1,2,2,3,2,3,2,3,2,1,2,1,1,2,2,2,1,1,1,1,1,1,0,1,1,1,1,2,3,1,0,2,2,1,1,1,1,1,1,2,2,1,1,2,1,1,1,1,1,1,1
경상남도,,창원시 의창구,,0.00577,0.00466,0.00688,5,5,4,4,5,3,3,1,3,3,5,5,7,5,6,4,6,4,2,4,3,3,4,5,5,3,2,2,3,3,2,0,2,2,2,1,5,6,2,1,5,4,2,2,1,3,2,2,5,4,3,2,4,3,2,1,2,2,3,3
경상남도,,창원시 성산구,,0.00829,0.00687,0.0097,4,4,4,4,4,2,2,1,3,3,4,4,6,4,5,3,5,4,2,3,2,3,3,4,4,3,2,1,2,2,1,0,1,2,2,1,3,4,1,1,3,3,1,1,1,2,1,1,4,3,3,2,3,2,1,1,1,2,2,2
경상남도,,창원시 마산합포구,,0.00317,0.00209,0.00425,2,2,2,2,3,1,1,1,1,1,2,2,3,2,3,2,3,2,1,2,1,1,2,2,2,1,1,1,1,1,1,0,1,1,1,1,2,2,1,1,2,2,1,1,1,1,1,1,2,1,1,1,2,1,1,1,1,1,1,1
경상남도,,창원시 마산회원구,,0.00368,0.00251,0.00479,2,2,2,2,3,2,1,1,2,2,2,3,3,2,3,2,3,2,1,2,1,2,2,2,3,2,1,1,1,1,1,0,1,1,1,1,2,3,1,1,2,2,1,1,1,2,1,1,2,2,1,1,2,1,1,1,1,1,1,1
경상남도,,창원시 진해구,,0.00376,0.00253,0.00499,2,2,2,2,2,1,1,1,1,1,2,2,3,2,2,2,2,2,1,1,1,1,2,2,2,1,1,1,1,1,1,0,1,1,1,1,2,2,0,1,2,2,1,1,1,1,1,1,2,1,1,1,1,1,1,0,1,1,1,1
경상남도,,의령군,,0.00495,0.00311,0.00672,0,0,0,0,0,0,0,0,0,0,0,0,0,0,0,0,0,0,0,0,0,0,0,0,0,0,0,0,0,0,0,0,0,0,0,0,0,0,0,0,0,0,0,0,0,0,0,0,0,0,0,0,0,0,0,0,0,0,0,0
경상남도,,함안군,,0.00357,0.00216,0.00498,0,0,0,0,1,0,0,0,0,0,0,0,1,0,1,0,1,0,0,0,0,0,0,0,0,0,0,0,0,0,0,0,0,0,0,0,0,1,0,0,0,0,0,0,0,0,0,0,0,0,0,0,0,0,0,0,0,0,0,0
경상남도,,창녕군,,0.00555,0.00421,0.0069,1,1,1,1,1,0,1,0,1,1,1,1,1,1,1,1,1,1,0,1,0,0,1,1,1,1,0,0,1,0,0,0,0,0,0,0,1,1,0,0,1,1,0,0,0,0,0,0,1,1,0,0,1,0,0,0,0,0,0,0
경상남도,,고성군,,0.00296,0.00123,0.00462,0,0,0,0,0,0,0,0,0,0,0,0,0,0,0,0,0,0,0,0,0,0,0,0,0,0,0,0,0,0,0,0,0,0,0,0,0,0,0,0,0,0,0,0,0,0,0,0,0,0,0,0,0,0,0,0,0,0,0,0
경상남도,,남해군,,0.00488,0.00309,0.00672,0,0,0,0,0,0,0,0,0,0,0,0,0,0,1,0,0,0,0,0,0,0,0,0,0,0,0,0,0,0,0,0,0,0,0,0,0,0,0,0,0,0,0,0,0,0,0,0,0,0,0,0,0,0,0,0,0,0,0,0
경상남도,,하동군,,0.00133,-0.00038,0.00305,0,0,0,0,0,0,0,0,0,0,0,0,0,0,0,0,0,0,0,0,0,0,0,0,0,0,0,0,0,0,0,0,0,0,0,0,0,0,0,0,0,0,0,0,0,0,0,0,0,0,0,0,0,0,0,0,0,0,0,0
경상남도,,산청군,,-0.00068,-0.0027,0.00129,0,0,0,0,0,0,0,0,0,0,0,0,0,0,0,0,0,0,0,0,0,0,0,0,0,0,0,0,0,0,0,0,0,0,0,0,0,0,0,0,0,0,0,0,0,0,0,0,0,0,0,0,0,0,0,0,0,0,0,0
경상남도,,함양군,,0.00143,-0.00056,0.00343,0,0,0,0,0,0,0,0,0,0,0,0,0,0,0,0,0,0,0,0,0,0,0,0,0,0,0,0,0,0,0,0,0,0,0,0,0,0,0,0,0,0,0,0,0,0,0,0,0,0,0,0,0,0,0,0,0,0,0,0
경상남도,,거창군,,0.00152,-0.00028,0.00329,0,0,0,0,0,0,0,0,0,0,0,0,0,0,0,0,0,0,0,0,0,0,0,0,0,0,0,0,0,0,0,0,0,0,0,0,0,0,0,0,0,0,0,0,0,0,0,0,0,0,0,0,0,0,0,0,0,0,0,0
경상남도,,합천군,,0.0029,0.00133,0.00443,0,0,0,0,0,0,0,0,0,0,0,0,0,0,0,0,0,0,0,0,0,0,0,0,0,0,0,0,0,0,0,0,0,0,0,0,0,0,0,0,0,0,0,0,0,0,0,0,0,0,0,0,0,0,0,0,0,0,0,0
제주특별자치도,,제주시,,-0.00179,-0.00359,0.00004,0,0,0,0,0,0,0,0,0,0,0,0,0,0,0,0,0,0,0,0,0,0,0,0,0,0,0,0,0,0,0,0,0,0,0,0,0,0,0,0,0,0,0,0,0,0,0,0,0,0,0,0,0,0,0,0,0,0,0,0
제주특별자치도,,서귀포시,,-0.00395,-0.00644,-0.00152,0,0,0,0,0,0,0,0,0,0,0,0,0,0,0,0,0,0,0,0,0,0,0,0,0,0,0,0,0,0,0,0,0,0,0,0,0,0,0,0,0,0,0,0,0,0,0,0,0,0,0,0,0,0,0,0,0,0,0,0